osmid,y,x,street_count,highway,geometry
414554367,-7.3374156,112.73039,2,,POINT (112.73039 -7.3374156)
414554368,-7.3375022,112.7308557,2,,POINT (112.7308557 -7.3375022)
414554370,-7.3377379,112.7314162,2,,POINT (112.7314162 -7.3377379)
414554371,-7.3379938,112.7319676,3,,POINT (112.7319676 -7.3379938)
414554372,-7.3381382,112.7322052,2,,POINT (112.7322052 -7.3381382)
414554373,-7.3383415,112.7324347,2,,POINT (112.7324347 -7.3383415)
414554374,-7.3387466,112.732877,2,,POINT (112.732877 -7.3387466)
414554375,-7.3388091,112.7329567,2,,POINT (112.7329567 -7.3388091)
414554376,-7.3389882,112.7332778,2,,POINT (112.7332778 -7.3389882)
414554377,-7.3391237,112.733547,3,,POINT (112.733547 -7.3391237)
414554378,-7.3392143,112.7337434,2,,POINT (112.7337434 -7.3392143)
414554379,-7.3393434,112.7342119,2,,POINT (112.7342119 -7.3393434)
414554380,-7.3393675,112.7343194,2,,POINT (112.7343194 -7.3393675)
414554382,-7.339533,112.7347881,2,,POINT (112.7347881 -7.339533)
414554383,-7.3396265,112.7350123,2,,POINT (112.7350123 -7.3396265)
414554384,-7.3397295,112.7353723,2,,POINT (112.7353723 -7.3397295)
414554385,-7.3397988,112.735713,3,,POINT (112.735713 -7.3397988)
414554388,-7.3400111,112.7369015,2,,POINT (112.7369015 -7.3400111)
414554389,-7.3399991,112.73701,3,,POINT (112.73701 -7.3399991)
414554390,-7.3399228,112.7370953,2,,POINT (112.7370953 -7.3399228)
414554391,-7.3398072,112.7371657,2,,POINT (112.7371657 -7.3398072)
414554392,-7.3395592,112.7372846,3,,POINT (112.7372846 -7.3395592)
414554395,-7.3384769,112.7374745,3,,POINT (112.7374745 -7.3384769)
414555413,-7.340008,112.7396945,2,,POINT (112.7396945 -7.340008)
414555414,-7.3399791,112.7390021,3,,POINT (112.7390021 -7.3399791)
414555415,-7.3399373,112.7387166,2,,POINT (112.7387166 -7.3399373)
414555416,-7.3397965,112.7383923,2,,POINT (112.7383923 -7.3397965)
1719578490,-7.3284772,112.7365848,4,,POINT (112.7365848 -7.3284772)
1719578515,-7.3288813,112.7362886,3,,POINT (112.7362886 -7.3288813)
1719578520,-7.3290722,112.7393094,3,,POINT (112.7393094 -7.3290722)
1719578546,-7.3294983,112.739121,3,,POINT (112.739121 -7.3294983)
1719578638,-7.3304609,112.7354286,3,,POINT (112.7354286 -7.3304609)
1719578655,-7.3305643,112.7386055,2,,POINT (112.7386055 -7.3305643)
1719578717,-7.3309727,112.7374299,3,,POINT (112.7374299 -7.3309727)
1719578721,-7.3310346,112.735098,3,,POINT (112.735098 -7.3310346)
1719578746,-7.3311744,112.7373816,2,,POINT (112.7373816 -7.3311744)
1719578747,-7.3311822,112.738333,4,,POINT (112.738333 -7.3311822)
1719578771,-7.3313142,112.7393031,1,,POINT (112.7393031 -7.3313142)
1719578776,-7.3312804,112.7370593,2,,POINT (112.7370593 -7.3312804)
1719578778,-7.331306,112.7368462,3,,POINT (112.7368462 -7.331306)
1719578789,-7.3313654,112.7364856,2,,POINT (112.7364856 -7.3313654)
1719578799,-7.3313846,112.7362729,2,,POINT (112.7362729 -7.3313846)
1719578811,-7.3314362,112.7348508,4,,POINT (112.7348508 -7.3314362)
1719578814,-7.3314659,112.7382352,2,,POINT (112.7382352 -7.3314659)
1719578818,-7.331598,112.7382232,2,,POINT (112.7382232 -7.331598)
1719578825,-7.3318117,112.7369629,2,,POINT (112.7369629 -7.3318117)
1719578878,-7.333105,112.7340241,3,,POINT (112.7340241 -7.333105)
1719578936,-7.3340219,112.7336553,4,,POINT (112.7336553 -7.3340219)
1719579181,-7.3370396,112.7386382,3,,POINT (112.7386382 -7.3370396)
1719579206,-7.3374229,112.7407763,2,,POINT (112.7407763 -7.3374229)
1719579214,-7.3375132,112.74143,2,,POINT (112.74143 -7.3375132)
1719641669,-7.3339479,112.7336822,4,,POINT (112.7336822 -7.3339479)
1719641682,-7.3346113,112.7308607,2,,POINT (112.7308607 -7.3346113)
1719641687,-7.3346417,112.7334264,2,,POINT (112.7334264 -7.3346417)
1719641692,-7.3347911,112.7307621,2,,POINT (112.7307621 -7.3347911)
1719641702,-7.3348857,112.7317734,2,,POINT (112.7317734 -7.3348857)
1719641707,-7.3349479,112.731967,3,,POINT (112.731967 -7.3349479)
1719641711,-7.3350017,112.7306376,2,,POINT (112.7306376 -7.3350017)
1719641720,-7.3353035,112.7384677,3,,POINT (112.7384677 -7.3353035)
1719641726,-7.3354031,112.7331511,3,,POINT (112.7331511 -7.3354031)
1719641752,-7.3354676,112.7375993,2,,POINT (112.7375993 -7.3354676)
1719641759,-7.3355725,112.737045,2,,POINT (112.737045 -7.3355725)
1719641766,-7.3356596,112.7371193,2,,POINT (112.7371193 -7.3356596)
1719641774,-7.3356196,112.7368501,2,,POINT (112.7368501 -7.3356196)
1719641779,-7.3359167,112.7313129,3,,POINT (112.7313129 -7.3359167)
1719641785,-7.3360256,112.7316132,3,,POINT (112.7316132 -7.3360256)
1719641788,-7.336171,112.7335384,2,,POINT (112.7335384 -7.336171)
1719641791,-7.3362421,112.7337582,2,,POINT (112.7337582 -7.3362421)
1719641794,-7.3362772,112.7339007,2,,POINT (112.7339007 -7.3362772)
1719641797,-7.336292,112.7322245,2,,POINT (112.7322245 -7.336292)
1719641801,-7.3363728,112.7342856,3,,POINT (112.7342856 -7.3363728)
1719641825,-7.3363614,112.738049,2,,POINT (112.738049 -7.3363614)
1719641833,-7.3364736,112.7379539,3,,POINT (112.7379539 -7.3364736)
1719641839,-7.336483,112.734692,1,,POINT (112.734692 -7.336483)
1719641846,-7.3364566,112.7365108,3,,POINT (112.7365108 -7.3364566)
1719641852,-7.3366305,112.7327435,3,,POINT (112.7327435 -7.3366305)
1719641858,-7.3367145,112.7368114,3,,POINT (112.7368114 -7.3367145)
1719641866,-7.3367273,112.7368611,2,,POINT (112.7368611 -7.3367273)
1719641870,-7.3367473,112.7370224,3,,POINT (112.7370224 -7.3367473)
1719641875,-7.3369862,112.7333809,2,,POINT (112.7333809 -7.3369862)
1719641879,-7.3372012,112.7340312,3,,POINT (112.7340312 -7.3372012)
1719641881,-7.3374461,112.7347199,2,,POINT (112.7347199 -7.3374461)
1719641913,-7.3373692,112.7300852,4,,POINT (112.7300852 -7.3373692)
1719641921,-7.3374584,112.736155,2,,POINT (112.736155 -7.3374584)
1719641925,-7.3374339,112.7310133,2,,POINT (112.7310133 -7.3374339)
1719641936,-7.3375369,112.7309867,3,,POINT (112.7309867 -7.3375369)
1719641943,-7.3376219,112.7346974,3,,POINT (112.7346974 -7.3376219)
1719641945,-7.3376272,112.7350444,3,,POINT (112.7350444 -7.3376272)
1719641974,-7.3383485,112.7345464,2,,POINT (112.7345464 -7.3383485)
1719641997,-7.3385199,112.7346113,2,,POINT (112.7346113 -7.3385199)
1719642020,-7.3389975,112.7298718,2,,POINT (112.7298718 -7.3389975)
1719642024,-7.3389216,112.7399574,2,,POINT (112.7399574 -7.3389216)
1719642031,-7.3389921,112.7407397,3,,POINT (112.7407397 -7.3389921)
1719642037,-7.3390457,112.7416041,4,,POINT (112.7416041 -7.3390457)
1719642052,-7.3400559,112.7381837,2,,POINT (112.7381837 -7.3400559)
1719642056,-7.3400963,112.7378183,3,,POINT (112.7378183 -7.3400963)
1719642060,-7.3400292,112.73709,2,,POINT (112.73709 -7.3400292)
1719642100,-7.3401551,112.738985,2,,POINT (112.738985 -7.3401551)
1719642108,-7.3402916,112.7352676,2,,POINT (112.7352676 -7.3402916)
1719642111,-7.3404745,112.7377691,3,,POINT (112.7377691 -7.3404745)
1719642115,-7.3405609,112.7390096,3,,POINT (112.7390096 -7.3405609)
1719642122,-7.3405266,112.7383631,3,,POINT (112.7383631 -7.3405266)
1719642129,-7.3405899,112.7357993,3,,POINT (112.7357993 -7.3405899)
1719642200,-7.341001,112.7352433,4,,POINT (112.7352433 -7.341001)
1719642205,-7.3410388,112.7357707,3,,POINT (112.7357707 -7.3410388)
1719642214,-7.3411192,112.736742,3,,POINT (112.736742 -7.3411192)
1719642219,-7.3411138,112.7369436,2,,POINT (112.7369436 -7.3411138)
1719642222,-7.3411209,112.7389337,3,,POINT (112.7389337 -7.3411209)
1719642236,-7.3413845,112.740979,3,,POINT (112.740979 -7.3413845)
1719642242,-7.3413858,112.738893,2,,POINT (112.738893 -7.3413858)
1719642256,-7.3415719,112.7425963,3,,POINT (112.7425963 -7.3415719)
1719642260,-7.3418352,112.7409275,4,,POINT (112.7409275 -7.3418352)
1719642263,-7.3419782,112.7388231,3,,POINT (112.7388231 -7.3419782)
1719642270,-7.3420388,112.7393305,3,,POINT (112.7393305 -7.3420388)
1719642273,-7.3420396,112.742511,3,,POINT (112.742511 -7.3420396)
1719642299,-7.3422293,112.7408679,4,,POINT (112.7408679 -7.3422293)
1719642304,-7.3422563,112.7375743,2,,POINT (112.7375743 -7.3422563)
1719642309,-7.3424271,112.7424275,3,,POINT (112.7424275 -7.3424271)
1719642311,-7.3424164,112.7392644,3,,POINT (112.7392644 -7.3424164)
1719642314,-7.3425833,112.7366524,1,,POINT (112.7366524 -7.3425833)
1719642326,-7.3426209,112.7408203,4,,POINT (112.7408203 -7.3426209)
1719642329,-7.3428024,112.7423471,3,,POINT (112.7423471 -7.3428024)
1719642333,-7.3427965,112.7392032,3,,POINT (112.7392032 -7.3427965)
1719642341,-7.3428189,112.7386916,1,,POINT (112.7386916 -7.3428189)
1719642357,-7.342841,112.7391921,1,,POINT (112.7391921 -7.342841)
1719642364,-7.3429303,112.7375163,2,,POINT (112.7375163 -7.3429303)
1719642368,-7.3430044,112.7407809,3,,POINT (112.7407809 -7.3430044)
1719642385,-7.3431852,112.7422239,2,,POINT (112.7422239 -7.3431852)
1719642397,-7.3431735,112.7374774,2,,POINT (112.7374774 -7.3431735)
1719642400,-7.3431533,112.7422667,2,,POINT (112.7422667 -7.3431533)
1719642446,-7.3437573,112.7372934,2,,POINT (112.7372934 -7.3437573)
1719642465,-7.3443859,112.7371794,2,,POINT (112.7371794 -7.3443859)
3217332325,-7.3398292,112.7358647,3,,POINT (112.7358647 -7.3398292)
3217332326,-7.3409736,112.7346448,4,,POINT (112.7346448 -7.3409736)
3217332327,-7.3401612,112.7346463,3,,POINT (112.7346463 -7.3401612)
3217333621,-7.3401099,112.7344216,3,,POINT (112.7344216 -7.3401099)
3674468321,-7.333987,112.7306165,2,,POINT (112.7306165 -7.333987)
3674473425,-7.3368805,112.7378506,3,,POINT (112.7378506 -7.3368805)
3674473426,-7.3369789,112.7383763,3,,POINT (112.7383763 -7.3369789)
3826351304,-7.3373743,112.7301397,2,traffic_signals,POINT (112.7301397 -7.3373743)
3826351305,-7.3374868,112.7300708,2,traffic_signals,POINT (112.7300708 -7.3374868)
3826351306,-7.3372673,112.7300964,2,traffic_signals,POINT (112.7300964 -7.3372673)
4188794757,-7.335392,112.7379424,3,,POINT (112.7379424 -7.335392)
4188794758,-7.3360426,112.737629,2,,POINT (112.737629 -7.3360426)
4520332225,-7.3337078,112.7306539,2,,POINT (112.7306539 -7.3337078)
4545966473,-7.3392727,112.7334981,2,,POINT (112.7334981 -7.3392727)
4545966474,-7.3396413,112.733409,2,,POINT (112.733409 -7.3396413)
4545966475,-7.3397184,112.7333908,2,,POINT (112.7333908 -7.3397184)
4545966480,-7.3398118,112.7333595,2,,POINT (112.7333595 -7.3398118)
4580558438,-7.3395248,112.7415611,2,,POINT (112.7415611 -7.3395248)
4616117080,-7.3346568,112.7334204,2,,POINT (112.7334204 -7.3346568)
4617661818,-7.3286522,112.7394641,3,,POINT (112.7394641 -7.3286522)
4617662002,-7.3317195,112.7374854,1,,POINT (112.7374854 -7.3317195)
4617662003,-7.3317436,112.7378391,2,,POINT (112.7378391 -7.3317436)
4617662004,-7.3318251,112.7346132,3,,POINT (112.7346132 -7.3318251)
4617662006,-7.3319538,112.7349664,2,,POINT (112.7349664 -7.3319538)
4617662007,-7.3320935,112.7353365,1,,POINT (112.7353365 -7.3320935)
4617662009,-7.3321626,112.7379356,3,,POINT (112.7379356 -7.3321626)
4617662010,-7.3322225,112.7376017,2,,POINT (112.7376017 -7.3322225)
4617662014,-7.3325245,112.7363142,2,,POINT (112.7363142 -7.3325245)
4617662017,-7.3325843,112.7358327,3,,POINT (112.7358327 -7.3325843)
4617662019,-7.3326329,112.7354472,4,,POINT (112.7354472 -7.3326329)
4617662020,-7.3326461,112.7380282,3,,POINT (112.7380282 -7.3326461)
4617662022,-7.3327134,112.7349488,3,,POINT (112.7349488 -7.3327134)
4617662024,-7.3327222,112.7376487,3,,POINT (112.7376487 -7.3327222)
4617662027,-7.3327949,112.7344702,3,,POINT (112.7344702 -7.3327949)
4617662030,-7.3328698,112.7354878,3,,POINT (112.7354878 -7.3328698)
4617662035,-7.3329554,112.7349992,3,,POINT (112.7349992 -7.3329554)
4617662038,-7.3329936,112.7380872,2,,POINT (112.7380872 -7.3329936)
4617662042,-7.3330618,112.7377157,2,,POINT (112.7377157 -7.3330618)
4617662044,-7.3333068,112.7355019,2,,POINT (112.7355019 -7.3333068)
4617662046,-7.3333758,112.7350719,3,,POINT (112.7350719 -7.3333758)
4617662047,-7.3334609,112.7345857,3,,POINT (112.7345857 -7.3334609)
4617662061,-7.3356377,112.7349799,1,,POINT (112.7349799 -7.3356377)
4636656661,-7.341054,112.7380479,1,,POINT (112.7380479 -7.341054)
4636656662,-7.3410508,112.7379608,2,,POINT (112.7379608 -7.3410508)
4636656663,-7.3410457,112.7378499,2,,POINT (112.7378499 -7.3410457)
4636656664,-7.341043,112.7377587,2,,POINT (112.7377587 -7.341043)
4636656665,-7.3410474,112.7377074,3,,POINT (112.7377074 -7.3410474)
4636656666,-7.3371147,112.735086,2,,POINT (112.735086 -7.3371147)
4636656667,-7.3370581,112.7350981,1,,POINT (112.7350981 -7.3370581)
4636656669,-7.3371681,112.7350723,2,,POINT (112.7350723 -7.3371681)
4636656670,-7.3372004,112.7350636,2,,POINT (112.7350636 -7.3372004)
4636656671,-7.3372895,112.7350391,2,,POINT (112.7350391 -7.3372895)
4636656672,-7.3373093,112.7350336,2,,POINT (112.7350336 -7.3373093)
4636656673,-7.3374478,112.7349999,2,,POINT (112.7349999 -7.3374478)
4636656674,-7.3376268,112.7349591,3,,POINT (112.7349591 -7.3376268)
4636656675,-7.3369283,112.7313583,1,,POINT (112.7313583 -7.3369283)
4636656676,-7.3369086,112.7312701,2,,POINT (112.7312701 -7.3369086)
4636656677,-7.3368771,112.7311128,3,,POINT (112.7311128 -7.3368771)
4636656678,-7.3404663,112.7371267,1,,POINT (112.7371267 -7.3404663)
4636656683,-7.3405277,112.7377616,3,,POINT (112.7377616 -7.3405277)
4636656684,-7.3380397,112.7350539,1,,POINT (112.7350539 -7.3380397)
4636656685,-7.3379499,112.7350596,2,,POINT (112.7350596 -7.3379499)
4636656686,-7.3378595,112.7350676,2,,POINT (112.7350676 -7.3378595)
4636656687,-7.337828,112.7350691,2,,POINT (112.7350691 -7.337828)
4636656688,-7.3376268,112.7350763,3,,POINT (112.7350763 -7.3376268)
4636657793,-7.3363922,112.730909,1,,POINT (112.730909 -7.3363922)
4636657794,-7.3362658,112.7309285,2,,POINT (112.7309285 -7.3362658)
4636657795,-7.3361793,112.7309278,2,,POINT (112.7309278 -7.3361793)
4636657796,-7.3361095,112.7309412,2,,POINT (112.7309412 -7.3361095)
4636657797,-7.3360284,112.7309533,2,,POINT (112.7309533 -7.3360284)
4636657798,-7.3357961,112.7310171,3,,POINT (112.7310171 -7.3357961)
4636657802,-7.3380118,112.7348547,1,,POINT (112.7348547 -7.3380118)
4636657803,-7.33792,112.7348597,2,,POINT (112.7348597 -7.33792)
4636657804,-7.3378665,112.7348631,2,,POINT (112.7348631 -7.3378665)
4636657805,-7.3378152,112.7348665,2,,POINT (112.7348665 -7.3378152)
4636657806,-7.3376236,112.7348848,3,,POINT (112.7348848 -7.3376236)
4636657807,-7.33846,112.7342502,1,,POINT (112.7342502 -7.33846)
4636657808,-7.3386688,112.7342026,2,,POINT (112.7342026 -7.3386688)
4636657809,-7.3387075,112.7341959,2,,POINT (112.7341959 -7.3387075)
4636657810,-7.3388049,112.7341821,2,,POINT (112.7341821 -7.3388049)
4636657811,-7.3390293,112.7341433,2,,POINT (112.7341433 -7.3390293)
4636657812,-7.3391035,112.7341262,2,,POINT (112.7341262 -7.3391035)
4636657813,-7.3393151,112.7340764,3,,POINT (112.7340764 -7.3393151)
4636657814,-7.3401995,112.734858,2,,POINT (112.734858 -7.3401995)
4636657815,-7.3400196,112.7340422,2,,POINT (112.7340422 -7.3400196)
4636657816,-7.3380129,112.7397952,1,,POINT (112.7397952 -7.3380129)
4636657817,-7.3380568,112.7397878,2,,POINT (112.7397878 -7.3380568)
4636657818,-7.3383142,112.7397221,2,,POINT (112.7397221 -7.3383142)
4636657819,-7.3384725,112.7396778,2,,POINT (112.7396778 -7.3384725)
4636657820,-7.3386421,112.7396383,2,,POINT (112.7396383 -7.3386421)
4636657821,-7.3388705,112.7396066,3,,POINT (112.7396066 -7.3388705)
4636657822,-7.3430715,112.7369442,1,,POINT (112.7369442 -7.3430715)
4636657823,-7.3430782,112.7370441,2,,POINT (112.7370441 -7.3430782)
4636657824,-7.3431034,112.7372285,2,,POINT (112.7372285 -7.3431034)
4636657825,-7.3431184,112.7373073,2,,POINT (112.7373073 -7.3431184)
4636657826,-7.3431254,112.7373566,2,,POINT (112.7373566 -7.3431254)
4636657827,-7.3431417,112.7374397,2,,POINT (112.7374397 -7.3431417)
4636657828,-7.3431495,112.7374831,3,,POINT (112.7374831 -7.3431495)
4636657831,-7.3360874,112.7331616,1,,POINT (112.7331616 -7.3360874)
4636657834,-7.3359998,112.7329556,3,,POINT (112.7329556 -7.3359998)
4636657836,-7.3363175,112.7340605,3,,POINT (112.7340605 -7.3363175)
4636657843,-7.3371384,112.7338116,4,,POINT (112.7338116 -7.3371384)
4636657844,-7.337483,112.7340305,2,,POINT (112.7340305 -7.337483)
4636657845,-7.3377459,112.7339911,1,,POINT (112.7339911 -7.3377459)
4636657847,-7.3376934,112.7339982,2,,POINT (112.7339982 -7.3376934)
4636657848,-7.337658,112.7340049,2,,POINT (112.7340049 -7.337658)
4636657849,-7.3375822,112.7340165,2,,POINT (112.7340165 -7.3375822)
4636657850,-7.3375313,112.7340239,2,,POINT (112.7340239 -7.3375313)
4636657852,-7.3372092,112.7340655,3,,POINT (112.7340655 -7.3372092)
4636657853,-7.3394776,112.7324937,1,,POINT (112.7324937 -7.3394776)
4636657854,-7.3392032,112.7325531,2,,POINT (112.7325531 -7.3392032)
4636657855,-7.3389159,112.7326194,2,,POINT (112.7326194 -7.3389159)
4636657856,-7.3388561,112.7325892,2,,POINT (112.7325892 -7.3388561)
4636657857,-7.3387703,112.73261,2,,POINT (112.73261 -7.3387703)
4636657858,-7.3387277,112.732592,2,,POINT (112.732592 -7.3387277)
4636657859,-7.3385444,112.7326497,3,,POINT (112.7326497 -7.3385444)
4636657860,-7.3377828,112.7384501,1,,POINT (112.7384501 -7.3377828)
4636657861,-7.3379257,112.7384097,2,,POINT (112.7384097 -7.3379257)
4636657862,-7.3380401,112.7383834,2,,POINT (112.7383834 -7.3380401)
4636657863,-7.3380986,112.7383706,2,,POINT (112.7383706 -7.3380986)
4636657864,-7.3382044,112.7383861,2,,POINT (112.7383861 -7.3382044)
4636657865,-7.3383098,112.7383756,2,,POINT (112.7383756 -7.3383098)
4636657866,-7.3384114,112.7383549,2,,POINT (112.7383549 -7.3384114)
4636657867,-7.3386392,112.7383033,3,,POINT (112.7383033 -7.3386392)
4636657874,-7.3432817,112.7371385,1,,POINT (112.7371385 -7.3432817)
4636657875,-7.3433008,112.7372176,2,,POINT (112.7372176 -7.3433008)
4636657876,-7.3433098,112.7372628,2,,POINT (112.7372628 -7.3433098)
4636657877,-7.3433158,112.7372883,2,,POINT (112.7372883 -7.3433158)
4636657878,-7.3433227,112.7373175,2,,POINT (112.7373175 -7.3433227)
4636657879,-7.3433307,112.7373473,2,,POINT (112.7373473 -7.3433307)
4636657880,-7.3433563,112.737439,3,,POINT (112.737439 -7.3433563)
4636657884,-7.3363808,112.7323734,2,,POINT (112.7323734 -7.3363808)
4636658000,-7.3384927,112.7313761,2,,POINT (112.7313761 -7.3384927)
4636658001,-7.3382234,112.7314432,2,,POINT (112.7314432 -7.3382234)
4636658003,-7.3378011,112.731549,3,,POINT (112.731549 -7.3378011)
4636658010,-7.3436547,112.7366089,1,,POINT (112.7366089 -7.3436547)
4636658011,-7.3437878,112.7370789,2,,POINT (112.7370789 -7.3437878)
4636658012,-7.3437918,112.7370947,2,,POINT (112.7370947 -7.3437918)
4636658013,-7.343827,112.7372027,2,,POINT (112.7372027 -7.343827)
4636658014,-7.3438542,112.7372731,3,,POINT (112.7372731 -7.3438542)
4636658015,-7.3372694,112.7316379,1,,POINT (112.7316379 -7.3372694)
4636658016,-7.3372455,112.7315507,2,,POINT (112.7315507 -7.3372455)
4636658017,-7.3371776,112.7313093,2,,POINT (112.7313093 -7.3371776)
4636658018,-7.3371477,112.7311833,2,,POINT (112.7311833 -7.3371477)
4636658019,-7.3371233,112.73107,3,,POINT (112.73107 -7.3371233)
4636658025,-7.3423519,112.7387737,2,,POINT (112.7387737 -7.3423519)
4636658030,-7.3439664,112.7366827,1,,POINT (112.7366827 -7.3439664)
4636658031,-7.3440063,112.7368668,2,,POINT (112.7368668 -7.3440063)
4636658032,-7.3440112,112.7369164,2,,POINT (112.7369164 -7.3440112)
4636658033,-7.344014,112.7369824,2,,POINT (112.7369824 -7.344014)
4636658034,-7.3440228,112.7370269,2,,POINT (112.7370269 -7.3440228)
4636658035,-7.344037,112.737077,2,,POINT (112.737077 -7.344037)
4636658036,-7.3440649,112.737165,2,,POINT (112.737165 -7.3440649)
4636658037,-7.344083,112.7372415,3,,POINT (112.7372415 -7.344083)
4636658038,-7.3353472,112.7310691,1,,POINT (112.7310691 -7.3353472)
4636658039,-7.3353379,112.730996,2,,POINT (112.730996 -7.3353379)
4636658040,-7.3353259,112.73087,2,,POINT (112.73087 -7.3353259)
4636658041,-7.3353046,112.7307144,2,,POINT (112.7307144 -7.3353046)
4636658042,-7.335274,112.7305662,2,,POINT (112.7305662 -7.335274)
4636658043,-7.3352472,112.7304811,2,,POINT (112.7304811 -7.3352472)
4636658044,-7.3350549,112.7306007,2,,POINT (112.7306007 -7.3350549)
4636658045,-7.3351354,112.7305358,2,,POINT (112.7305358 -7.3351354)
4636658061,-7.3356833,112.7306763,2,,POINT (112.7306763 -7.3356833)
4636658066,-7.3366857,112.7349494,1,,POINT (112.7349494 -7.3366857)
4636658067,-7.3368793,112.7348964,2,,POINT (112.7348964 -7.3368793)
4636658068,-7.3371277,112.7348273,2,,POINT (112.7348273 -7.3371277)
4636658069,-7.3371496,112.734819,2,,POINT (112.734819 -7.3371496)
4636658070,-7.3371886,112.7348029,2,,POINT (112.7348029 -7.3371886)
4636658071,-7.3373861,112.7347149,3,,POINT (112.7347149 -7.3373861)
4636658072,-7.3390903,112.7383126,1,,POINT (112.7383126 -7.3390903)
4636658077,-7.3386532,112.7383777,3,,POINT (112.7383777 -7.3386532)
4636658078,-7.337548,112.7395343,2,,POINT (112.7395343 -7.337548)
4636658079,-7.3372574,112.7396106,4,,POINT (112.7396106 -7.3372574)
4636658083,-7.3348437,112.7315676,2,,POINT (112.7315676 -7.3348437)
4636658084,-7.3379499,112.7336058,1,,POINT (112.7336058 -7.3379499)
4636658085,-7.3378944,112.7336219,2,,POINT (112.7336219 -7.3378944)
4636658086,-7.3378146,112.7336507,2,,POINT (112.7336507 -7.3378146)
4636658087,-7.3376714,112.7336774,2,,POINT (112.7336774 -7.3376714)
4636658088,-7.3375451,112.7337056,2,,POINT (112.7337056 -7.3375451)
4636658189,-7.3374201,112.7337437,2,,POINT (112.7337437 -7.3374201)
4636658193,-7.3394116,112.7345131,4,,POINT (112.7345131 -7.3394116)
4636658194,-7.3382547,112.7323419,3,,POINT (112.7323419 -7.3382547)
4636658195,-7.3383867,112.7322863,2,,POINT (112.7322863 -7.3383867)
4636658196,-7.3384838,112.7322562,2,,POINT (112.7322562 -7.3384838)
4636658197,-7.3386241,112.7322099,1,,POINT (112.7322099 -7.3386241)
4636658198,-7.3385936,112.7319862,1,,POINT (112.7319862 -7.3385936)
4636658199,-7.3388233,112.7309087,1,,POINT (112.7309087 -7.3388233)
4636658200,-7.3388379,112.7309811,2,,POINT (112.7309811 -7.3388379)
4636658201,-7.3389223,112.7312339,3,,POINT (112.7312339 -7.3389223)
4636658202,-7.3390143,112.7315441,3,,POINT (112.7315441 -7.3390143)
4636658203,-7.3392907,112.7314725,2,,POINT (112.7314725 -7.3392907)
4636658204,-7.3395981,112.7314025,1,,POINT (112.7314025 -7.3395981)
4636658205,-7.3390842,112.7318225,3,,POINT (112.7318225 -7.3390842)
4636658214,-7.3372005,112.7374672,1,,POINT (112.7374672 -7.3372005)
4636658215,-7.337144,112.7374991,2,,POINT (112.7374991 -7.337144)
4636658216,-7.3370815,112.7375286,2,,POINT (112.7375286 -7.3370815)
4636658217,-7.3370336,112.7375434,2,,POINT (112.7375434 -7.3370336)
4636658218,-7.3369777,112.7375494,2,,POINT (112.7375494 -7.3369777)
4636658220,-7.3367808,112.7375679,4,,POINT (112.7375679 -7.3367808)
4636658221,-7.3367977,112.7378635,3,,POINT (112.7378635 -7.3367977)
4636658225,-7.3412419,112.7371372,1,,POINT (112.7371372 -7.3412419)
4636658226,-7.3412612,112.7373296,2,,POINT (112.7373296 -7.3412612)
4636658227,-7.3412705,112.7373524,2,,POINT (112.7373524 -7.3412705)
4636658228,-7.3413114,112.73739,2,,POINT (112.73739 -7.3413114)
4636658229,-7.3413193,112.7374067,2,,POINT (112.7374067 -7.3413193)
4636658230,-7.3413325,112.7376703,3,,POINT (112.7376703 -7.3413325)
4636658261,-7.3385622,112.7405932,1,,POINT (112.7405932 -7.3385622)
4636658262,-7.3387026,112.7405696,2,,POINT (112.7405696 -7.3387026)
4636658263,-7.3389577,112.7405509,3,,POINT (112.7405509 -7.3389577)
4636658264,-7.3442329,112.7371415,1,,POINT (112.7371415 -7.3442329)
4636658265,-7.3442484,112.7372192,3,,POINT (112.7372192 -7.3442484)
4636658266,-7.3406874,112.7371922,2,,POINT (112.7371922 -7.3406874)
4636658269,-7.3407293,112.7377411,3,,POINT (112.7377411 -7.3407293)
4636658280,-7.3388915,112.7330862,2,,POINT (112.7330862 -7.3388915)
4636658286,-7.3381476,112.7410957,3,,POINT (112.7410957 -7.3381476)
4636658287,-7.3383589,112.7410795,2,,POINT (112.7410795 -7.3383589)
4636658288,-7.3385011,112.7410672,2,,POINT (112.7410672 -7.3385011)
4636658389,-7.3386408,112.7410377,2,,POINT (112.7410377 -7.3386408)
4636658390,-7.338817,112.7409887,2,,POINT (112.7409887 -7.338817)
4636658391,-7.3390119,112.7409231,3,,POINT (112.7409231 -7.3390119)
4636658392,-7.3359546,112.7382296,3,,POINT (112.7382296 -7.3359546)
4636658394,-7.3357835,112.7377605,3,,POINT (112.7377605 -7.3357835)
4636658395,-7.343494,112.7370094,1,,POINT (112.7370094 -7.343494)
4636658396,-7.3435845,112.7373481,3,,POINT (112.7373481 -7.3435845)
4636658420,-7.3386358,112.7352096,1,,POINT (112.7352096 -7.3386358)
4636658421,-7.3385716,112.7347875,2,,POINT (112.7347875 -7.3385716)
4636658422,-7.3385975,112.7346621,3,,POINT (112.7346621 -7.3385975)
4636658426,-7.3389153,112.7318788,2,,POINT (112.7318788 -7.3389153)
4636658428,-7.3392631,112.7317829,2,,POINT (112.7317829 -7.3392631)
4636658429,-7.3394212,112.7317476,2,,POINT (112.7317476 -7.3394212)
4636658430,-7.3396314,112.7317047,1,,POINT (112.7317047 -7.3396314)
4636658433,-7.3417124,112.7369683,1,,POINT (112.7369683 -7.3417124)
4636658434,-7.3417157,112.7372821,2,,POINT (112.7372821 -7.3417157)
4636658435,-7.341729,112.7373927,2,,POINT (112.7373927 -7.341729)
4636658436,-7.3417462,112.7376054,3,,POINT (112.7376054 -7.3417462)
4636658437,-7.3382008,112.7349293,1,,POINT (112.7349293 -7.3382008)
4636658438,-7.3381859,112.7348351,2,,POINT (112.7348351 -7.3381859)
4636658439,-7.338143,112.7345791,3,,POINT (112.7345791 -7.338143)
4636658478,-7.3385699,112.7358803,1,,POINT (112.7358803 -7.3385699)
4636658481,-7.338067,112.7358401,2,,POINT (112.7358401 -7.338067)
4636658485,-7.3375305,112.7357979,3,,POINT (112.7357979 -7.3375305)
4636658486,-7.338145,112.7360505,1,,POINT (112.7360505 -7.338145)
4636658487,-7.3379521,112.7360532,2,,POINT (112.7360532 -7.3379521)
4636658488,-7.3379118,112.736077,3,,POINT (112.736077 -7.3379118)
4636658490,-7.3379493,112.7367639,3,,POINT (112.7367639 -7.3379493)
4636658492,-7.3380522,112.7375875,3,,POINT (112.7375875 -7.3380522)
4636658501,-7.3411945,112.737934,1,,POINT (112.737934 -7.3411945)
4636658502,-7.3411937,112.7376884,3,,POINT (112.7376884 -7.3411937)
4636658525,-7.3376565,112.7334256,1,,POINT (112.7334256 -7.3376565)
4636658526,-7.3375421,112.7334652,2,,POINT (112.7334652 -7.3375421)
4636658527,-7.3374423,112.733496,2,,POINT (112.733496 -7.3374423)
4636658528,-7.3372827,112.733543,2,,POINT (112.733543 -7.3372827)
4636658529,-7.3371989,112.7335704,2,,POINT (112.7335704 -7.3371989)
4636658530,-7.3370859,112.7336065,4,,POINT (112.7336065 -7.3370859)
4636658534,-7.3384195,112.7339924,1,,POINT (112.7339924 -7.3384195)
4636658535,-7.3383161,112.7340262,2,,POINT (112.7340262 -7.3383161)
4636658536,-7.3382738,112.734039,2,,POINT (112.734039 -7.3382738)
4636658537,-7.3382056,112.7340641,2,,POINT (112.7340641 -7.3382056)
4636658538,-7.3381323,112.7340985,2,,POINT (112.7340985 -7.3381323)
4636658539,-7.3381885,112.7343087,2,,POINT (112.7343087 -7.3381885)
4636658540,-7.3382927,112.7345491,3,,POINT (112.7345491 -7.3382927)
4636658578,-7.3410881,112.7363389,2,,POINT (112.7363389 -7.3410881)
4636658585,-7.3427802,112.7368574,2,,POINT (112.7368574 -7.3427802)
4636658586,-7.3427952,112.7370632,2,,POINT (112.7370632 -7.3427952)
4636658587,-7.3427985,112.7371605,2,,POINT (112.7371605 -7.3427985)
4636658588,-7.3428081,112.7372352,2,,POINT (112.7372352 -7.3428081)
4636658589,-7.3428181,112.7373274,2,,POINT (112.7373274 -7.3428181)
4636658590,-7.3428306,112.7375268,3,,POINT (112.7375268 -7.3428306)
4636658596,-7.3363284,112.7322928,2,,POINT (112.7322928 -7.3363284)
4636658601,-7.3366471,112.7353123,1,,POINT (112.7353123 -7.3366471)
4636658602,-7.3368769,112.7352543,2,,POINT (112.7352543 -7.3368769)
4636658603,-7.337143,112.7351825,2,,POINT (112.7351825 -7.337143)
4636658604,-7.3373209,112.7351276,2,,POINT (112.7351276 -7.3373209)
4636658605,-7.3373614,112.7351195,2,,POINT (112.7351195 -7.3373614)
4636658606,-7.3374949,112.735081,2,,POINT (112.735081 -7.3374949)
4636658607,-7.3369242,112.7306931,1,,POINT (112.7306931 -7.3369242)
4636658608,-7.3370513,112.7306737,2,,POINT (112.7306737 -7.3370513)
4636658609,-7.3374495,112.7306088,3,,POINT (112.7306088 -7.3374495)
4636658610,-7.3410652,112.737352,2,,POINT (112.737352 -7.3410652)
4636658611,-7.3410966,112.737701,3,,POINT (112.737701 -7.3410966)
4636658617,-7.3441645,112.7372364,2,,POINT (112.7372364 -7.3441645)
4636658623,-7.336168,112.7319593,2,,POINT (112.7319593 -7.336168)
4636658624,-7.3360437,112.7335408,2,,POINT (112.7335408 -7.3360437)
4636658625,-7.3358465,112.7335981,2,,POINT (112.7335981 -7.3358465)
4636658626,-7.3356597,112.7336511,2,,POINT (112.7336511 -7.3356597)
4636658627,-7.3353976,112.7337249,2,,POINT (112.7337249 -7.3353976)
4636658628,-7.335055,112.7338336,3,,POINT (112.7338336 -7.335055)
4636658636,-7.3367122,112.7356788,1,,POINT (112.7356788 -7.3367122)
4636658637,-7.3370408,112.735644,2,,POINT (112.735644 -7.3370408)
4636658638,-7.3373587,112.7356164,2,,POINT (112.7356164 -7.3373587)
4636658640,-7.3375531,112.7356039,3,,POINT (112.7356039 -7.3375531)
4636658641,-7.3438583,112.7368342,2,,POINT (112.7368342 -7.3438583)
4636658642,-7.3439128,112.7369512,2,,POINT (112.7369512 -7.3439128)
4636658643,-7.3439239,112.736998,2,,POINT (112.736998 -7.3439239)
4636658644,-7.3439419,112.7370606,2,,POINT (112.7370606 -7.3439419)
4636658645,-7.3439923,112.7372445,3,,POINT (112.7372445 -7.3439923)
4636658656,-7.3388159,112.7393051,2,,POINT (112.7393051 -7.3388159)
4636658657,-7.3365428,112.7333308,1,,POINT (112.7333308 -7.3365428)
4636658661,-7.3369037,112.7332087,3,,POINT (112.7332087 -7.3369037)
4636658662,-7.3372734,112.7397086,3,,POINT (112.7397086 -7.3372734)
4636658665,-7.3376285,112.7396007,3,,POINT (112.7396007 -7.3376285)
4636658666,-7.3378994,112.739531,2,,POINT (112.739531 -7.3378994)
4636658667,-7.3380008,112.7395003,2,,POINT (112.7395003 -7.3380008)
4636658668,-7.3381881,112.7394397,2,,POINT (112.7394397 -7.3381881)
4636658669,-7.3382986,112.7394029,2,,POINT (112.7394029 -7.3382986)
4636658670,-7.3384913,112.7393536,2,,POINT (112.7393536 -7.3384913)
4636658671,-7.3386379,112.7393194,2,,POINT (112.7393194 -7.3386379)
4636658672,-7.3388102,112.739278,3,,POINT (112.739278 -7.3388102)
4636658751,-7.3364574,112.7346075,3,,POINT (112.7346075 -7.3364574)
4636658752,-7.3365638,112.7345703,2,,POINT (112.7345703 -7.3365638)
4636658753,-7.336649,112.7345418,2,,POINT (112.7345418 -7.336649)
4636658754,-7.3368384,112.73448,2,,POINT (112.73448 -7.3368384)
4636658755,-7.3370066,112.7344231,2,,POINT (112.7344231 -7.3370066)
4636658756,-7.3370626,112.7344037,2,,POINT (112.7344037 -7.3370626)
4636658757,-7.3371391,112.7343785,2,,POINT (112.7343785 -7.3371391)
4636658758,-7.3371754,112.7343663,2,,POINT (112.7343663 -7.3371754)
4636658759,-7.3372779,112.7343328,3,,POINT (112.7343328 -7.3372779)
4648434297,-7.3282799,112.7366656,3,,POINT (112.7366656 -7.3282799)
4650937293,-7.3373012,112.7310381,2,,POINT (112.7310381 -7.3373012)
4651281429,-7.3352068,112.7318587,2,,POINT (112.7318587 -7.3352068)
4654980171,-7.3355758,112.7303669,3,,POINT (112.7303669 -7.3355758)
4845521913,-7.3400014,112.7384265,2,,POINT (112.7384265 -7.3400014)
4845521914,-7.3400812,112.7386904,2,,POINT (112.7386904 -7.3400812)
5340226229,-7.3312507,112.7372219,2,,POINT (112.7372219 -7.3312507)
5340226230,-7.3313272,112.736658,2,,POINT (112.736658 -7.3313272)
5340226231,-7.3291937,112.7377067,2,,POINT (112.7377067 -7.3291937)
5377574873,-7.3410646,112.737291,2,,POINT (112.737291 -7.3410646)
5377574874,-7.3410779,112.7370529,2,,POINT (112.7370529 -7.3410779)
5377574875,-7.3410925,112.7369967,2,,POINT (112.7369967 -7.3410925)
5377574876,-7.3411085,112.7369665,2,,POINT (112.7369665 -7.3411085)
5406390550,-7.3376156,112.7395669,2,,POINT (112.7395669 -7.3376156)
5406390551,-7.3376036,112.7395454,2,,POINT (112.7395454 -7.3376036)
5406390552,-7.3375777,112.73953,2,,POINT (112.73953 -7.3375777)
5605824197,-7.333024,112.7309113,2,,POINT (112.7309113 -7.333024)
5605824198,-7.3325172,112.7309838,2,,POINT (112.7309838 -7.3325172)
5605824199,-7.332468,112.7310133,3,,POINT (112.7310133 -7.332468)
5605824200,-7.3324161,112.7312426,3,,POINT (112.7312426 -7.3324161)
5605824201,-7.3322883,112.7314733,2,,POINT (112.7314733 -7.3322883)
5605824202,-7.3321666,112.7316939,3,,POINT (112.7316939 -7.3321666)
5605824203,-7.3329202,112.7315846,2,,POINT (112.7315846 -7.3329202)
5605885542,-7.332347,112.7373822,2,,POINT (112.7373822 -7.332347)
5605885543,-7.332337,112.7374365,1,,POINT (112.7374365 -7.332337)
5605885549,-7.3315197,112.7347987,2,,POINT (112.7347987 -7.3315197)
5605885557,-7.3326764,112.7367744,3,,POINT (112.7367744 -7.3326764)
5605885558,-7.3316951,112.7355811,1,,POINT (112.7355811 -7.3316951)
5605885560,-7.3322126,112.7353746,3,,POINT (112.7353746 -7.3322126)
5605885561,-7.3322605,112.7365601,1,,POINT (112.7365601 -7.3322605)
5605885562,-7.3324414,112.7358077,2,,POINT (112.7358077 -7.3324414)
5605885563,-7.3323895,112.7358225,2,,POINT (112.7358225 -7.3323895)
5605885564,-7.332319,112.7361926,3,,POINT (112.7361926 -7.332319)
5605885565,-7.332063,112.7361555,3,,POINT (112.7361555 -7.332063)
5605885566,-7.3327024,112.7369336,2,,POINT (112.7369336 -7.3327024)
5605885567,-7.3327756,112.7369441,1,,POINT (112.7369441 -7.3327756)
5605885568,-7.3324739,112.7367425,3,,POINT (112.7367425 -7.3324739)
5605885571,-7.3317284,112.7383975,2,,POINT (112.7383975 -7.3317284)
5605885572,-7.331739,112.7385155,2,,POINT (112.7385155 -7.331739)
5605885573,-7.3317124,112.7386643,2,,POINT (112.7386643 -7.3317124)
5605885574,-7.3316965,112.7387072,1,,POINT (112.7387072 -7.3316965)
5605885575,-7.3305314,112.7386193,3,,POINT (112.7386193 -7.3305314)
5605885576,-7.3305861,112.7385957,2,,POINT (112.7385957 -7.3305861)
5608342964,-7.3349474,112.7340196,1,,POINT (112.7340196 -7.3349474)
5608342966,-7.3347359,112.7340763,1,,POINT (112.7340763 -7.3347359)
5608342967,-7.3342212,112.7342474,3,,POINT (112.7342474 -7.3342212)
5608342968,-7.3353484,112.7344283,2,,POINT (112.7344283 -7.3353484)
5608342969,-7.3355072,112.7347461,2,,POINT (112.7347461 -7.3355072)
5608342970,-7.3352445,112.7342876,2,,POINT (112.7342876 -7.3352445)
5608342972,-7.3349013,112.733334,3,,POINT (112.733334 -7.3349013)
5608388575,-7.336253,112.7380995,3,,POINT (112.7380995 -7.336253)
5608388580,-7.3359878,112.7390726,2,,POINT (112.7390726 -7.3359878)
5608388581,-7.3331131,112.736599,1,,POINT (112.736599 -7.3331131)
5608388582,-7.3331463,112.7363375,2,,POINT (112.7363375 -7.3331463)
5608388583,-7.3334723,112.7363563,3,,POINT (112.7363563 -7.3334723)
5608388586,-7.3352518,112.7384668,3,,POINT (112.7384668 -7.3352518)
5608388587,-7.33356,112.7381923,2,,POINT (112.7381923 -7.33356)
5608388588,-7.3353779,112.7376541,2,,POINT (112.7376541 -7.3353779)
5608388589,-7.33529,112.7382192,2,,POINT (112.7382192 -7.33529)
5608388590,-7.3352579,112.7384286,3,,POINT (112.7384286 -7.3352579)
5608388591,-7.3338777,112.7356585,2,,POINT (112.7356585 -7.3338777)
5608388592,-7.3338261,112.7363113,2,,POINT (112.7363113 -7.3338261)
5608388593,-7.3335002,112.7362383,3,,POINT (112.7362383 -7.3335002)
5608388594,-7.333375,112.7368811,3,,POINT (112.7368811 -7.333375)
5608388595,-7.332902,112.7368059,2,,POINT (112.7368059 -7.332902)
5608388598,-7.3370801,112.7388151,3,,POINT (112.7388151 -7.3370801)
5608388601,-7.3362655,112.7383754,3,,POINT (112.7383754 -7.3362655)
5608388602,-7.3349879,112.7387937,3,,POINT (112.7387937 -7.3349879)
5608388603,-7.3361587,112.738737,3,,POINT (112.738737 -7.3361587)
5608388604,-7.3351987,112.7390867,2,,POINT (112.7390867 -7.3351987)
5608388605,-7.336165,112.738873,3,,POINT (112.738873 -7.336165)
5608388606,-7.3352145,112.7392008,3,,POINT (112.7392008 -7.3352145)
5608388607,-7.3362589,112.7382009,3,,POINT (112.7382009 -7.3362589)
5608388608,-7.3349939,112.7386596,2,,POINT (112.7386596 -7.3349939)
5608388609,-7.3351268,112.7389084,2,,POINT (112.7389084 -7.3351268)
5608388610,-7.3352915,112.7393164,2,,POINT (112.7393164 -7.3352915)
5608388611,-7.336168,112.7389741,2,,POINT (112.7389741 -7.336168)
5608388612,-7.3362668,112.7385287,4,,POINT (112.7385287 -7.3362668)
5608388613,-7.3350657,112.7389098,2,,POINT (112.7389098 -7.3350657)
5608388615,-7.3344609,112.7379935,3,,POINT (112.7379935 -7.3344609)
5608388616,-7.334745,112.7380473,2,,POINT (112.7380473 -7.334745)
5608388617,-7.3342078,112.7379456,3,,POINT (112.7379456 -7.3342078)
5608388619,-7.3341502,112.7382111,4,,POINT (112.7382111 -7.3341502)
5608388620,-7.3352317,112.7375331,2,,POINT (112.7375331 -7.3352317)
5608388721,-7.3337462,112.7372789,2,,POINT (112.7372789 -7.3337462)
5608388722,-7.333701,112.7373031,2,,POINT (112.7373031 -7.333701)
5608388723,-7.33354,112.738097,3,,POINT (112.738097 -7.33354)
5608388725,-7.3355438,112.7368786,1,,POINT (112.7368786 -7.3355438)
5608388726,-7.3351948,112.7368042,3,,POINT (112.7368042 -7.3351948)
5608388727,-7.3355905,112.7361892,1,,POINT (112.7361892 -7.3355905)
5608388729,-7.3351442,112.7367559,2,,POINT (112.7367559 -7.3351442)
5608388730,-7.3355518,112.7349643,4,,POINT (112.7349643 -7.3355518)
5608388731,-7.3350192,112.7354979,1,,POINT (112.7354979 -7.3350192)
5608388732,-7.335125,112.734888,3,,POINT (112.734888 -7.335125)
5608388733,-7.3350138,112.7358654,1,,POINT (112.7358654 -7.3350138)
5608388734,-7.3348975,112.7358852,2,,POINT (112.7358852 -7.3348975)
5608388735,-7.3347984,112.7359995,2,,POINT (112.7359995 -7.3347984)
5608388736,-7.3346267,112.7360197,2,,POINT (112.7360197 -7.3346267)
5608388737,-7.3347306,112.7348107,3,,POINT (112.7348107 -7.3347306)
5608388738,-7.333935,112.7369591,1,,POINT (112.7369591 -7.333935)
5608388739,-7.3333844,112.736835,2,,POINT (112.736835 -7.3333844)
5608388740,-7.3335887,112.7358802,2,,POINT (112.7358802 -7.3335887)
5608388741,-7.3338912,112.7356139,2,,POINT (112.7356139 -7.3338912)
5608388742,-7.334035,112.7346854,3,,POINT (112.7346854 -7.334035)
5608391689,-7.3366391,112.7375752,2,,POINT (112.7375752 -7.3366391)
5608391690,-7.3363695,112.7376306,3,,POINT (112.7376306 -7.3363695)
5608527899,-7.3377127,112.731138,1,,POINT (112.731138 -7.3377127)
5608527900,-7.3376196,112.7311753,3,,POINT (112.7311753 -7.3376196)
5608527907,-7.3387534,112.7299112,3,,POINT (112.7299112 -7.3387534)
5608527908,-7.3378909,112.7305935,1,,POINT (112.7305935 -7.3378909)
5608527909,-7.3374613,112.7306723,3,,POINT (112.7306723 -7.3374613)
5608527911,-7.3409874,112.7340549,2,,POINT (112.7340549 -7.3409874)
5608527912,-7.340875,112.7339839,2,,POINT (112.7339839 -7.340875)
5608702818,-7.3401242,112.7352243,1,,POINT (112.7352243 -7.3401242)
5608702819,-7.3397063,112.7352759,3,,POINT (112.7352759 -7.3397063)
5608702820,-7.341554,112.7346946,1,,POINT (112.7346946 -7.341554)
5608705121,-7.34134,112.7348044,3,,POINT (112.7348044 -7.34134)
5608705122,-7.3418293,112.7352163,1,,POINT (112.7352163 -7.3418293)
5608705124,-7.3393672,112.7391181,3,,POINT (112.7391181 -7.3393672)
5608705127,-7.3378553,112.7352771,1,,POINT (112.7352771 -7.3378553)
5608705128,-7.3375995,112.7352743,3,,POINT (112.7352743 -7.3375995)
5608705129,-7.3399342,112.736416,3,,POINT (112.736416 -7.3399342)
5608705130,-7.3400191,112.7363951,2,,POINT (112.7363951 -7.3400191)
5608705131,-7.3399983,112.7358507,3,,POINT (112.7358507 -7.3399983)
5608705133,-7.3390043,112.7373704,2,,POINT (112.7373704 -7.3390043)
5608705134,-7.3386822,112.7359043,1,,POINT (112.7359043 -7.3386822)
5608705138,-7.339985,112.7367221,3,,POINT (112.7367221 -7.339985)
5608705139,-7.3399383,112.7367184,2,,POINT (112.7367184 -7.3399383)
5608705140,-7.3395734,112.735915,2,,POINT (112.735915 -7.3395734)
5608705141,-7.3387675,112.7358318,1,,POINT (112.7358318 -7.3387675)
5608705142,-7.3391491,112.7357621,2,,POINT (112.7357621 -7.3391491)
5608705143,-7.3395589,112.7356964,2,,POINT (112.7356964 -7.3395589)
5608705145,-7.3395482,112.7408155,2,,POINT (112.7408155 -7.3395482)
5608705146,-7.3400139,112.7410636,2,,POINT (112.7410636 -7.3400139)
5608705147,-7.3383259,112.7367287,1,,POINT (112.7367287 -7.3383259)
5608705148,-7.3391675,112.7372244,2,,POINT (112.7372244 -7.3391675)
5608705149,-7.3396134,112.7371529,2,,POINT (112.7371529 -7.3396134)
5608705150,-7.3397358,112.7370777,3,,POINT (112.7370777 -7.3397358)
5608705151,-7.3393013,112.7349966,3,,POINT (112.7349966 -7.3393013)
5608705152,-7.3392104,112.7347215,2,,POINT (112.7347215 -7.3392104)
5608705153,-7.3393082,112.7346698,2,,POINT (112.7346698 -7.3393082)
5608705154,-7.3394132,112.7349565,4,,POINT (112.7349565 -7.3394132)
5608705155,-7.3412681,112.7346973,2,,POINT (112.7346973 -7.3412681)
5608705156,-7.3418799,112.735789,2,,POINT (112.735789 -7.3418799)
5608705157,-7.3415003,112.7357433,3,,POINT (112.7357433 -7.3415003)
5608705158,-7.3423045,112.7366668,3,,POINT (112.7366668 -7.3423045)
5608705159,-7.342098,112.7362476,3,,POINT (112.7362476 -7.342098)
5608705160,-7.3420369,112.736249,2,,POINT (112.736249 -7.3420369)
5608705161,-7.3415381,112.736257,2,,POINT (112.736257 -7.3415381)
5608705162,-7.3415075,112.7352243,4,,POINT (112.7352243 -7.3415075)
5608705163,-7.3393833,112.7392329,2,,POINT (112.7392329 -7.3393833)
5608705164,-7.3400018,112.7401301,2,,POINT (112.7401301 -7.3400018)
5608705166,-7.3395708,112.741077,2,,POINT (112.741077 -7.3395708)
5608705167,-7.3394391,112.7396339,2,,POINT (112.7396339 -7.3394391)
5608705168,-7.3394072,112.7393952,2,,POINT (112.7393952 -7.3394072)
5608705169,-7.3393241,112.7389284,3,,POINT (112.7389284 -7.3393241)
5608705170,-7.3393009,112.7388682,2,,POINT (112.7388682 -7.3393009)
5608705171,-7.3391984,112.7382633,2,,POINT (112.7382633 -7.3391984)
5608705172,-7.3390534,112.7373626,3,,POINT (112.7373626 -7.3390534)
5608705173,-7.3375118,112.7360284,3,,POINT (112.7360284 -7.3375118)
5608705174,-7.3397478,112.7369993,2,,POINT (112.7369993 -7.3397478)
5608705175,-7.3397504,112.7368497,2,,POINT (112.7368497 -7.3397504)
5608705176,-7.339749,112.7367264,3,,POINT (112.7367264 -7.339749)
5608705177,-7.339652,112.7362396,3,,POINT (112.7362396 -7.339652)
5608705178,-7.3396969,112.7352351,3,,POINT (112.7352351 -7.3396969)
5608705179,-7.3391463,112.7353443,3,,POINT (112.7353443 -7.3391463)
5608705180,-7.3392104,112.7357191,3,,POINT (112.7357191 -7.3392104)
5608705181,-7.3391026,112.7351184,2,,POINT (112.7351184 -7.3391026)
5608705182,-7.3395806,112.7348935,3,,POINT (112.7348935 -7.3395806)
5610611281,-7.334138,112.7382769,3,,POINT (112.7382769 -7.334138)
5610611282,-7.3341285,112.7382052,2,,POINT (112.7382052 -7.3341285)
5639045732,-7.3379268,112.7360603,2,,POINT (112.7360603 -7.3379268)
5639045733,-7.3363741,112.737673,2,,POINT (112.737673 -7.3363741)
5639045736,-7.3341568,112.7341172,2,,POINT (112.7341172 -7.3341568)
5639045737,-7.3341346,112.7340703,2,,POINT (112.7340703 -7.3341346)
5639045739,-7.3332459,112.7355523,2,,POINT (112.7355523 -7.3332459)
5639045740,-7.3332987,112.7355267,2,,POINT (112.7355267 -7.3332987)
5639045741,-7.332484,112.7366587,2,,POINT (112.7366587 -7.332484)
5651342559,-7.337472,112.7361351,2,,POINT (112.7361351 -7.337472)
6009697561,-7.3285808,112.7364952,2,,POINT (112.7364952 -7.3285808)
6709065836,-7.331195,112.7373762,2,,POINT (112.7373762 -7.331195)
6709065837,-7.3312096,112.7373601,2,,POINT (112.7373601 -7.3312096)
6709065838,-7.3312163,112.737342,2,,POINT (112.737342 -7.3312163)
6709065839,-7.331771,112.7369001,2,,POINT (112.7369001 -7.331771)
6709065840,-7.3318049,112.7369323,3,,POINT (112.7369323 -7.3318049)
6709065841,-7.3317896,112.7369115,2,,POINT (112.7369115 -7.3317896)
6709065842,-7.3317523,112.7368981,2,,POINT (112.7368981 -7.3317523)
6709065843,-7.3313826,112.7363536,2,,POINT (112.7363536 -7.3313826)
6709065844,-7.3313639,112.7361873,2,,POINT (112.7361873 -7.3313639)
6709065845,-7.3412474,112.7346772,2,,POINT (112.7346772 -7.3412474)
6709065846,-7.3412228,112.7346718,2,,POINT (112.7346718 -7.3412228)
6709065847,-7.3402652,112.7352204,2,,POINT (112.7352204 -7.3402652)
6709065848,-7.3402479,112.735152,2,,POINT (112.735152 -7.3402479)
6709065849,-7.3402239,112.7350084,2,,POINT (112.7350084 -7.3402239)
6709065850,-7.3407216,112.7346372,3,,POINT (112.7346372 -7.3407216)
6709065851,-7.3407121,112.734362,1,,POINT (112.734362 -7.3407121)
6709065852,-7.3409801,112.7340224,2,,POINT (112.7340224 -7.3409801)
6709065853,-7.3409265,112.7339865,2,,POINT (112.7339865 -7.3409265)
6709065854,-7.3409635,112.7339993,2,,POINT (112.7339993 -7.3409635)
6709137008,-7.3323729,112.7372229,2,,POINT (112.7372229 -7.3323729)
6709137009,-7.3323921,112.7358151,2,,POINT (112.7358151 -7.3323921)
6709137010,-7.3324015,112.7358071,2,,POINT (112.7358071 -7.3324015)
6709137011,-7.3324167,112.7358044,2,,POINT (112.7358044 -7.3324167)
6709137012,-7.331747,112.737867,2,,POINT (112.737867 -7.331747)
6709137013,-7.3317527,112.7378751,2,,POINT (112.7378751 -7.3317527)
6709137014,-7.3317437,112.737859,2,,POINT (112.737859 -7.3317437)
6709137015,-7.331771,112.7378811,2,,POINT (112.7378811 -7.331771)
6709137016,-7.3322485,112.7375666,2,,POINT (112.7375666 -7.3322485)
6709137017,-7.3322791,112.7375632,2,,POINT (112.7375632 -7.3322791)
6709137043,-7.3316958,112.7317824,2,,POINT (112.7317824 -7.3316958)
6709137044,-7.3317444,112.7318448,2,,POINT (112.7318448 -7.3317444)
6709137045,-7.3319426,112.7317549,2,,POINT (112.7317549 -7.3319426)
6709137046,-7.3324444,112.734296,4,,POINT (112.734296 -7.3324444)
6709137047,-7.332295,112.7337867,2,,POINT (112.7337867 -7.332295)
6709137048,-7.3320104,112.7327487,2,,POINT (112.7327487 -7.3320104)
6709137049,-7.3317869,112.7319843,2,,POINT (112.7319843 -7.3317869)
6709137050,-7.3318201,112.7320903,2,,POINT (112.7320903 -7.3318201)
6709137051,-7.3317298,112.7317911,4,,POINT (112.7317911 -7.3317298)
6709153626,-7.3402418,112.7390311,2,,POINT (112.7390311 -7.3402418)
6709153627,-7.3401454,112.7389526,2,,POINT (112.7389526 -7.3401454)
6709153628,-7.3415658,112.7388696,3,,POINT (112.7388696 -7.3415658)
6709153629,-7.3431142,112.7415571,2,,POINT (112.7415571 -7.3431142)
6709153630,-7.3431798,112.7422405,2,,POINT (112.7422405 -7.3431798)
6709153631,-7.3415669,112.742549,2,,POINT (112.742549 -7.3415669)
6709153632,-7.3415632,112.7424937,2,,POINT (112.7424937 -7.3415632)
6709153633,-7.3415614,112.7424694,2,,POINT (112.7424694 -7.3415614)
6709153634,-7.3415654,112.7425156,2,,POINT (112.7425156 -7.3415654)
6709153635,-7.3415577,112.7424439,2,,POINT (112.7424439 -7.3415577)
6709211179,-7.3390314,112.7411615,2,,POINT (112.7411615 -7.3390314)
6709211181,-7.3390221,112.7410079,2,,POINT (112.7410079 -7.3390221)
6709211182,-7.3389736,112.7406746,2,,POINT (112.7406746 -7.3389736)
6709211183,-7.3389656,112.7402333,3,,POINT (112.7402333 -7.3389656)
6709211184,-7.3389616,112.7401978,3,,POINT (112.7401978 -7.3389616)
6709234785,-7.3389463,112.7401047,2,,POINT (112.7401047 -7.3389463)
6709234786,-7.3389291,112.7400021,2,,POINT (112.7400021 -7.3389291)
6709234787,-7.338957,112.7401489,2,,POINT (112.7401489 -7.338957)
6709234789,-7.3395097,112.740911,2,,POINT (112.740911 -7.3395097)
6709234790,-7.3395495,112.7412211,2,,POINT (112.7412211 -7.3395495)
6709234791,-7.3395774,112.7414866,2,,POINT (112.7414866 -7.3395774)
6709234793,-7.3395841,112.7415558,2,,POINT (112.7415558 -7.3395841)
6709234794,-7.3374692,112.7410944,2,,POINT (112.7410944 -7.3374692)
6709405256,-7.3348838,112.7358922,2,,POINT (112.7358922 -7.3348838)
6709405257,-7.3348735,112.7359036,2,,POINT (112.7359036 -7.3348735)
6709405258,-7.3347914,112.7360091,2,,POINT (112.7360091 -7.3347914)
6709405259,-7.3347678,112.7360183,2,,POINT (112.7360183 -7.3347678)
6709405260,-7.3345669,112.7359834,2,,POINT (112.7359834 -7.3345669)
6709405261,-7.3345882,112.7360062,2,,POINT (112.7360062 -7.3345882)
6709405262,-7.3345509,112.7359419,2,,POINT (112.7359419 -7.3345509)
6709405263,-7.334547,112.7358949,2,,POINT (112.7358949 -7.334547)
6709405264,-7.3336352,112.7358279,2,,POINT (112.7358279 -7.3336352)
6709405265,-7.3336627,112.7358125,2,,POINT (112.7358125 -7.3336627)
6709405266,-7.3337749,112.7357507,2,,POINT (112.7357507 -7.3337749)
6709405267,-7.3326548,112.7369198,2,,POINT (112.7369198 -7.3326548)
6709405268,-7.3326489,112.7368806,2,,POINT (112.7368806 -7.3326489)
6709416751,-7.3317178,112.7386415,2,,POINT (112.7386415 -7.3317178)
6709416752,-7.3317324,112.7385825,2,,POINT (112.7385825 -7.3317324)
6709416753,-7.3317337,112.7384269,2,,POINT (112.7384269 -7.3317337)
6709416754,-7.3316606,112.7382834,2,,POINT (112.7382834 -7.3316606)
6709416755,-7.3315552,112.7382097,2,,POINT (112.7382097 -7.3315552)
6709416756,-7.3315721,112.7382123,2,,POINT (112.7382123 -7.3315721)
6709416757,-7.3315342,112.738215,2,,POINT (112.738215 -7.3315342)
6709416758,-7.33134,112.7382834,2,,POINT (112.7382834 -7.33134)
6709416759,-7.3312535,112.7383129,2,,POINT (112.7383129 -7.3312535)
6709416760,-7.3322349,112.7375814,2,,POINT (112.7375814 -7.3322349)
6709416761,-7.3322631,112.7375616,2,,POINT (112.7375616 -7.3322631)
6709416762,-7.3323539,112.737344,2,,POINT (112.737344 -7.3323539)
6709416763,-7.3323609,112.7373014,2,,POINT (112.7373014 -7.3323609)
6709416764,-7.3323662,112.7372588,2,,POINT (112.7372588 -7.3323662)
6722325500,-7.333268,112.7355523,2,,POINT (112.7355523 -7.333268)
6722325501,-7.3332855,112.7355444,2,,POINT (112.7355444 -7.3332855)
6722325502,-7.3364726,112.737596,2,,POINT (112.737596 -7.3364726)
6722325503,-7.3365226,112.7375876,2,,POINT (112.7375876 -7.3365226)
6722325508,-7.3307228,112.7364019,2,,POINT (112.7364019 -7.3307228)
6722325511,-7.3389028,112.7326186,2,,POINT (112.7326186 -7.3389028)
6722325512,-7.3388918,112.7326119,2,,POINT (112.7326119 -7.3388918)
6722325513,-7.3388685,112.7325901,2,,POINT (112.7325901 -7.3388685)
6722325514,-7.3388778,112.7325978,2,,POINT (112.7325978 -7.3388778)
6722325515,-7.3387621,112.7326094,2,,POINT (112.7326094 -7.3387621)
6722325516,-7.3387555,112.7326059,2,,POINT (112.7326059 -7.3387555)
6722325517,-7.3387357,112.7325916,2,,POINT (112.7325916 -7.3387357)
6722325518,-7.3387422,112.7325941,2,,POINT (112.7325941 -7.3387422)
6722325519,-7.336205,112.7336224,2,,POINT (112.7336224 -7.336205)
6722325520,-7.3361365,112.7335188,2,,POINT (112.7335188 -7.3361365)
6722325521,-7.3361558,112.7335225,2,,POINT (112.7335225 -7.3361558)
6722325522,-7.3361178,112.7335225,2,,POINT (112.7335225 -7.3361178)
6722325523,-7.3393094,112.738899,2,,POINT (112.738899 -7.3393094)
6722325525,-7.3381782,112.7383817,2,,POINT (112.7383817 -7.3381782)
6722325526,-7.3382337,112.7383877,2,,POINT (112.7383877 -7.3382337)
6722325527,-7.3382617,112.7383844,2,,POINT (112.7383844 -7.3382617)
6722325528,-7.3381443,112.7383766,2,,POINT (112.7383766 -7.3381443)
6722325529,-7.3368308,112.7395702,1,,POINT (112.7395702 -7.3368308)
6722325532,-7.3312602,112.7391122,2,,POINT (112.7391122 -7.3312602)
6722325533,-7.3312256,112.7389339,2,,POINT (112.7389339 -7.3312256)
6722325534,-7.3312243,112.7385946,2,,POINT (112.7385946 -7.3312243)
6722325535,-7.3312283,112.7387032,2,,POINT (112.7387032 -7.3312283)
6722325536,-7.3311897,112.7384377,2,,POINT (112.7384377 -7.3311897)
6722325537,-7.3312283,112.7386375,2,,POINT (112.7386375 -7.3312283)
6722325538,-7.3324972,112.7365547,2,,POINT (112.7365547 -7.3324972)
6722325539,-7.33265,112.7369113,2,,POINT (112.7369113 -7.33265)
6722325540,-7.3326632,112.7369266,2,,POINT (112.7369266 -7.3326632)
6722325541,-7.3326482,112.7369021,2,,POINT (112.7369021 -7.3326482)
6722325542,-7.3331586,112.7363167,2,,POINT (112.7363167 -7.3331586)
6722325543,-7.3331656,112.736315,2,,POINT (112.736315 -7.3331656)
6722325544,-7.333155,112.7363207,2,,POINT (112.7363207 -7.333155)
6722325545,-7.3331816,112.736316,2,,POINT (112.736316 -7.3331816)
6722325546,-7.3343767,112.7348944,2,,POINT (112.7348944 -7.3343767)
6722325547,-7.33441,112.7348978,2,,POINT (112.7348978 -7.33441)
6722325548,-7.3344346,112.7348931,2,,POINT (112.7348931 -7.3344346)
6722325549,-7.3344525,112.7348709,2,,POINT (112.7348709 -7.3344525)
6722325550,-7.3344856,112.7347644,2,,POINT (112.7347644 -7.3344856)
6722325551,-7.3352065,112.7342371,2,,POINT (112.7342371 -7.3352065)
6722325552,-7.3349867,112.7340853,2,,POINT (112.7340853 -7.3349867)
6722325553,-7.3351699,112.7341765,4,,POINT (112.7341765 -7.3351699)
6722325554,-7.3356151,112.7340402,1,,POINT (112.7340402 -7.3356151)
6722325555,-7.3353973,112.734502,2,,POINT (112.734502 -7.3353973)
6722325557,-7.3360932,112.7317878,2,,POINT (112.7317878 -7.3360932)
6722325558,-7.3400131,112.7369397,2,,POINT (112.7369397 -7.3400131)
6722325559,-7.3400084,112.7369772,2,,POINT (112.7369772 -7.3400084)
6722325560,-7.3399579,112.737063,2,,POINT (112.737063 -7.3399579)
6722325561,-7.3396808,112.7372439,2,,POINT (112.7372439 -7.3396808)
6722325562,-7.339657,112.7372552,2,,POINT (112.7372552 -7.339657)
6722325563,-7.3396334,112.7372635,2,,POINT (112.7372635 -7.3396334)
6722325567,-7.3391046,112.7351047,2,,POINT (112.7351047 -7.3391046)
6722325568,-7.3391126,112.7350903,2,,POINT (112.7350903 -7.3391126)
6722325569,-7.3391385,112.7350728,2,,POINT (112.7350728 -7.3391385)
6722325570,-7.3392137,112.7346869,2,,POINT (112.7346869 -7.3392137)
6722325571,-7.3392189,112.7346817,2,,POINT (112.7346817 -7.3392189)
6722325572,-7.3392908,112.7346572,2,,POINT (112.7346572 -7.3392908)
6722325573,-7.3392992,112.7346614,2,,POINT (112.7346614 -7.3392992)
6722325574,-7.3392835,112.7346577,2,,POINT (112.7346577 -7.3392835)
6722325575,-7.339211,112.734696,2,,POINT (112.734696 -7.339211)
6722325576,-7.3392263,112.7346785,2,,POINT (112.7346785 -7.3392263)
6722325577,-7.3381321,112.7340942,2,,POINT (112.7340942 -7.3381321)
6722325578,-7.3381335,112.7340905,2,,POINT (112.7340905 -7.3381335)
6722325579,-7.3381383,112.7340854,2,,POINT (112.7340854 -7.3381383)
6722325580,-7.3392649,112.7338846,2,,POINT (112.7338846 -7.3392649)
6722325581,-7.3380598,112.7320848,2,,POINT (112.7320848 -7.3380598)
6722346385,-7.3318069,112.7317831,2,,POINT (112.7317831 -7.3318069)
6722346386,-7.3338441,112.7357052,3,,POINT (112.7357052 -7.3338441)
6722346387,-7.334007,112.7352137,2,,POINT (112.7352137 -7.334007)
6722346388,-7.3340206,112.7352381,2,,POINT (112.7352381 -7.3340206)
6722346389,-7.3340225,112.7352661,2,,POINT (112.7352661 -7.3340225)
6722346390,-7.3340121,112.7352921,2,,POINT (112.7352921 -7.3340121)
6722346391,-7.3339917,112.735311,2,,POINT (112.735311 -7.3339917)
6722346392,-7.3339652,112.7353192,2,,POINT (112.7353192 -7.3339652)
6722346393,-7.3339376,112.735315,2,,POINT (112.735315 -7.3339376)
6722346394,-7.3339005,112.7352746,2,,POINT (112.7352746 -7.3339005)
6722346395,-7.3339145,112.7352991,2,,POINT (112.7352991 -7.3339145)
6722346396,-7.3338986,112.7352464,2,,POINT (112.7352464 -7.3338986)
6722346397,-7.333909,112.7352202,2,,POINT (112.7352202 -7.333909)
6722346398,-7.3339297,112.7352011,2,,POINT (112.7352011 -7.3339297)
6722346399,-7.3339566,112.7351931,2,,POINT (112.7351931 -7.3339566)
6722346400,-7.3339841,112.7351976,2,,POINT (112.7351976 -7.3339841)
6722346401,-7.3340948,112.7346971,3,,POINT (112.7346971 -7.3340948)
6722346402,-7.3340209,112.7347796,2,,POINT (112.7347796 -7.3340209)
6722346403,-7.3340688,112.7348287,3,,POINT (112.7348287 -7.3340688)
6722346404,-7.334028,112.7347444,2,,POINT (112.7347444 -7.334028)
6722346405,-7.3340091,112.7348379,2,,POINT (112.7348379 -7.3340091)
6722346406,-7.3340047,112.7348599,2,,POINT (112.7348599 -7.3340047)
6722346407,-7.3340144,112.7348118,2,,POINT (112.7348118 -7.3340144)
6722346408,-7.3340202,112.7350648,2,,POINT (112.7350648 -7.3340202)
6722346409,-7.3339661,112.7350516,2,,POINT (112.7350516 -7.3339661)
6722346410,-7.3339995,112.7348859,2,,POINT (112.7348859 -7.3339995)
6722346411,-7.3339706,112.7351938,2,,POINT (112.7351938 -7.3339706)
6722346412,-7.3339965,112.7352044,3,,POINT (112.7352044 -7.3339965)
6722346413,-7.3340151,112.7352252,2,,POINT (112.7352252 -7.3340151)
6722346414,-7.3340231,112.735252,2,,POINT (112.735252 -7.3340231)
6722346415,-7.3340187,112.7352797,2,,POINT (112.7352797 -7.3340187)
6722346416,-7.334003,112.7353027,2,,POINT (112.7353027 -7.334003)
6722346417,-7.3339789,112.7353166,2,,POINT (112.7353166 -7.3339789)
6722346418,-7.3339512,112.7353187,3,,POINT (112.7353187 -7.3339512)
6722346419,-7.3339251,112.7353084,2,,POINT (112.7353084 -7.3339251)
6722346420,-7.3339061,112.7352876,2,,POINT (112.7352876 -7.3339061)
6722346421,-7.333898,112.7352606,2,,POINT (112.7352606 -7.333898)
6722346422,-7.3339023,112.7352327,2,,POINT (112.7352327 -7.3339023)
6722346423,-7.3339183,112.7352095,2,,POINT (112.7352095 -7.3339183)
6722346424,-7.3339427,112.7351956,3,,POINT (112.7351956 -7.3339427)
6722346426,-7.3351495,112.7367774,2,,POINT (112.7367774 -7.3351495)
6722346427,-7.3351641,112.7367935,2,,POINT (112.7367935 -7.3351641)
6722346435,-7.3312216,112.7388668,2,,POINT (112.7388668 -7.3312216)
6722346436,-7.3331024,112.7311153,2,,POINT (112.7311153 -7.3331024)
6722346437,-7.3330732,112.7309409,2,,POINT (112.7309409 -7.3330732)
6722346438,-7.3330532,112.7309167,2,,POINT (112.7309167 -7.3330532)
6722346439,-7.3323716,112.7313272,2,,POINT (112.7313272 -7.3323716)
6722346441,-7.3325052,112.7309838,2,,POINT (112.7309838 -7.3325052)
6722346442,-7.3324926,112.7309878,2,,POINT (112.7309878 -7.3324926)
6722346443,-7.3324793,112.7309965,2,,POINT (112.7309965 -7.3324793)
6722346448,-7.3394591,112.729813,2,,POINT (112.729813 -7.3394591)
6722346451,-7.3351927,112.7304922,3,,POINT (112.7304922 -7.3351927)
6722346452,-7.3352641,112.7305288,2,,POINT (112.7305288 -7.3352641)
6722346453,-7.3352551,112.7304908,2,,POINT (112.7304908 -7.3352551)
6722346454,-7.3352599,112.7305097,2,,POINT (112.7305097 -7.3352599)
6722346455,-7.3352672,112.7305352,2,,POINT (112.7305352 -7.3352672)
6722346456,-7.3346427,112.7308376,2,,POINT (112.7308376 -7.3346427)
6722346457,-7.3368233,112.733069,2,,POINT (112.733069 -7.3368233)
6722346458,-7.3374146,112.7347203,2,,POINT (112.7347203 -7.3374146)
6722346459,-7.3384536,112.7345685,2,,POINT (112.7345685 -7.3384536)
6722346460,-7.3383804,112.7345464,2,,POINT (112.7345464 -7.3383804)
6722346461,-7.3384177,112.7345525,2,,POINT (112.7345525 -7.3384177)
6722346462,-7.337484,112.7361092,2,,POINT (112.7361092 -7.337484)
6722346463,-7.3374977,112.7360787,2,,POINT (112.7360787 -7.3374977)
6722346464,-7.3379375,112.7360542,2,,POINT (112.7360542 -7.3379375)
6722346465,-7.3352699,112.7375458,2,,POINT (112.7375458 -7.3352699)
6722346466,-7.3352965,112.7375555,2,,POINT (112.7375555 -7.3352965)
6722346467,-7.3354973,112.7375585,2,,POINT (112.7375585 -7.3354973)
6722346468,-7.3355233,112.7375378,2,,POINT (112.7375378 -7.3355233)
6722346469,-7.3356829,112.7374573,2,,POINT (112.7374573 -7.3356829)
6722346470,-7.3360933,112.7372743,2,,POINT (112.7372743 -7.3360933)
6722346471,-7.335447,112.7376691,2,,POINT (112.7376691 -7.335447)
6722346472,-7.3353244,112.7375752,2,,POINT (112.7375752 -7.3353244)
6722346473,-7.3337346,112.7372773,2,,POINT (112.7372773 -7.3337346)
6722346474,-7.3337165,112.7372815,2,,POINT (112.7372815 -7.3337165)
6722346475,-7.3337236,112.7372783,2,,POINT (112.7372783 -7.3337236)
6722346476,-7.3337116,112.7372863,2,,POINT (112.7372863 -7.3337116)
6722346477,-7.3335357,112.7381644,2,,POINT (112.7381644 -7.3335357)
6722346478,-7.3335427,112.7381775,2,,POINT (112.7381775 -7.3335427)
6722346479,-7.3335334,112.7381507,2,,POINT (112.7381507 -7.3335334)
6722346482,-7.3354457,112.7384351,2,,POINT (112.7384351 -7.3354457)
6722346483,-7.3353971,112.7384503,2,,POINT (112.7384503 -7.3353971)
6722346484,-7.3364178,112.7380068,2,,POINT (112.7380068 -7.3364178)
6722346486,-7.3363696,112.7376471,2,,POINT (112.7376471 -7.3363696)
6722346487,-7.3365163,112.737922,2,,POINT (112.737922 -7.3365163)
6722346488,-7.3365595,112.7379005,2,,POINT (112.7379005 -7.3365595)
6722346491,-7.336682,112.7367481,2,,POINT (112.7367481 -7.336682)
6722346492,-7.3366542,112.7367481,2,,POINT (112.7367481 -7.3366542)
6722346493,-7.3366681,112.7367448,2,,POINT (112.7367448 -7.3366681)
6722346494,-7.3366266,112.7367573,2,,POINT (112.7367573 -7.3366266)
6722346495,-7.3356102,112.737113,2,,POINT (112.737113 -7.3356102)
6722346501,-7.3356317,112.7368316,2,,POINT (112.7368316 -7.3356317)
6722346502,-7.3356486,112.7368194,2,,POINT (112.7368194 -7.3356486)
6722346503,-7.3372352,112.7394783,3,,POINT (112.7394783 -7.3372352)
6722346507,-7.3383551,112.737808,2,,POINT (112.737808 -7.3383551)
6722346508,-7.3382114,112.7379421,1,,POINT (112.7379421 -7.3382114)
6722346509,-7.3383205,112.7379079,2,,POINT (112.7379079 -7.3383205)
6722346510,-7.3383498,112.7378865,2,,POINT (112.7378865 -7.3383498)
6722346511,-7.3383598,112.7378616,2,,POINT (112.7378616 -7.3383598)
6722346512,-7.3383598,112.7378362,2,,POINT (112.7378362 -7.3383598)
6722346513,-7.3382984,112.7375292,3,,POINT (112.7375292 -7.3382984)
6722638258,-7.3410765,112.7407269,1,,POINT (112.7407269 -7.3410765)
6722638268,-7.3407104,112.7389914,3,,POINT (112.7389914 -7.3407104)
6722641490,-7.3375637,112.7395305,2,,POINT (112.7395305 -7.3375637)
6722641491,-7.3375926,112.739534,2,,POINT (112.739534 -7.3375926)
6722641492,-7.3395137,112.7404815,2,,POINT (112.7404815 -7.3395137)
6722641493,-7.3395629,112.7409281,2,,POINT (112.7409281 -7.3395629)
6722641494,-7.3395682,112.7410045,2,,POINT (112.7410045 -7.3395682)
6722641495,-7.3395921,112.7412553,2,,POINT (112.7412553 -7.3395921)
6722641499,-7.3402386,112.7412231,2,,POINT (112.7412231 -7.3402386)
6722641500,-7.3400896,112.7411226,2,,POINT (112.7411226 -7.3400896)
6722804060,-7.3391306,112.7373517,3,,POINT (112.7373517 -7.3391306)
6722804061,-7.3391332,112.7372745,2,,POINT (112.7372745 -7.3391332)
6722804062,-7.3391379,112.7372475,2,,POINT (112.7372475 -7.3391379)
6722804063,-7.3391479,112.737234,2,,POINT (112.737234 -7.3391479)
6722804076,-7.3396832,112.7371274,2,,POINT (112.7371274 -7.3396832)
6722804077,-7.3397118,112.7371154,2,,POINT (112.7371154 -7.3397118)
6722804078,-7.33966,112.7371395,2,,POINT (112.7371395 -7.33966)
6722826098,-7.3410838,112.7370221,2,,POINT (112.7370221 -7.3410838)
6722826099,-7.3415653,112.7362926,2,,POINT (112.7362926 -7.3415653)
6722826100,-7.3415414,112.7362711,2,,POINT (112.7362711 -7.3415414)
6722826101,-7.3415507,112.7362845,2,,POINT (112.7362845 -7.3415507)
6722826102,-7.341582,112.7362959,2,,POINT (112.7362959 -7.341582)
6722826103,-7.3418546,112.7357608,2,,POINT (112.7357608 -7.3418546)
6722826104,-7.3418187,112.7357447,2,,POINT (112.7357447 -7.3418187)
6722826105,-7.3414975,112.73517,2,,POINT (112.73517 -7.3414975)
6722826106,-7.3414482,112.7350503,3,,POINT (112.7350503 -7.3414482)
6722826107,-7.3413479,112.735115,2,,POINT (112.735115 -7.3413479)
6722826108,-7.3413215,112.7351237,2,,POINT (112.7351237 -7.3413215)
6722826109,-7.3412916,112.7351245,2,,POINT (112.7351245 -7.3412916)
6722826110,-7.3412704,112.7351105,3,,POINT (112.7351105 -7.3412704)
6722826111,-7.3412627,112.7350884,2,,POINT (112.7350884 -7.3412627)
6722826112,-7.3412632,112.7350639,2,,POINT (112.7350639 -7.3412632)
6722826113,-7.3412792,112.7350354,2,,POINT (112.7350354 -7.3412792)
6722826114,-7.3413958,112.73493,3,,POINT (112.73493 -7.3413958)
6722826115,-7.3398472,112.7333331,2,,POINT (112.7333331 -7.3398472)
6722826116,-7.3397639,112.7333759,2,,POINT (112.7333759 -7.3397639)
6722826120,-7.3402811,112.7390297,2,,POINT (112.7390297 -7.3402811)
6722826121,-7.3401967,112.7390237,2,,POINT (112.7390237 -7.3401967)
6722826122,-7.3401734,112.739013,2,,POINT (112.739013 -7.3401734)
6722826123,-7.3400091,112.7384651,2,,POINT (112.7384651 -7.3400091)
6722826124,-7.3400038,112.7383994,2,,POINT (112.7383994 -7.3400038)
6722826125,-7.3400257,112.7385221,2,,POINT (112.7385221 -7.3400257)
6722826126,-7.3400297,112.7383009,2,,POINT (112.7383009 -7.3400297)
6722826127,-7.3400803,112.7380185,2,,POINT (112.7380185 -7.3400803)
6722826128,-7.3371274,112.7369919,1,,POINT (112.7369919 -7.3371274)
6722826129,-7.3371913,112.7368766,2,,POINT (112.7368766 -7.3371913)
6722826130,-7.3372258,112.7368404,2,,POINT (112.7368404 -7.3372258)
6722826131,-7.3372644,112.7368243,2,,POINT (112.7368243 -7.3372644)
6722826132,-7.3373176,112.7368284,2,,POINT (112.7368284 -7.3373176)
6722826133,-7.3374121,112.7368525,2,,POINT (112.7368525 -7.3374121)
6722826134,-7.3374974,112.7368679,2,,POINT (112.7368679 -7.3374974)
6722826135,-7.3375708,112.7368748,2,,POINT (112.7368748 -7.3375708)
6722826136,-7.3379582,112.7368466,3,,POINT (112.7368466 -7.3379582)
6722842306,-7.3347699,112.7380403,2,,POINT (112.7380403 -7.3347699)
6722842307,-7.3347766,112.7380336,2,,POINT (112.7380336 -7.3347766)
6722842308,-7.3347623,112.7380433,2,,POINT (112.7380433 -7.3347623)
6722842309,-7.3347952,112.7380212,2,,POINT (112.7380212 -7.3347952)
6722842310,-7.334863,112.737626,2,,POINT (112.737626 -7.334863)
6722842311,-7.3347753,112.7375226,2,,POINT (112.7375226 -7.3347753)
6722842312,-7.3348742,112.7375611,2,,POINT (112.7375611 -7.3348742)
6722842313,-7.334856,112.7375414,2,,POINT (112.7375414 -7.334856)
6722842314,-7.3348413,112.737532,2,,POINT (112.737532 -7.3348413)
6722842315,-7.334529,112.7375847,1,,POINT (112.7375847 -7.334529)
6722842318,-7.3330283,112.7380903,2,,POINT (112.7380903 -7.3330283)
6722842319,-7.3330705,112.7380695,2,,POINT (112.7380695 -7.3330705)
6722842320,-7.3330844,112.7380461,2,,POINT (112.7380461 -7.3330844)
6722842321,-7.333125,112.7378328,2,,POINT (112.7378328 -7.333125)
6722842322,-7.3331211,112.7377778,2,,POINT (112.7377778 -7.3331211)
6722842323,-7.3331038,112.737743,2,,POINT (112.737743 -7.3331038)
6722842324,-7.3316177,112.7315096,3,,POINT (112.7315096 -7.3316177)
6722842328,-7.3330692,112.7311608,2,,POINT (112.7311608 -7.3330692)
6722842329,-7.3330918,112.731142,2,,POINT (112.731142 -7.3330918)
6722842330,-7.3325368,112.731658,3,,POINT (112.731658 -7.3325368)
6722842331,-7.3325704,112.7317737,2,,POINT (112.7317737 -7.3325704)
6722842332,-7.332595,112.7318119,2,,POINT (112.7318119 -7.332595)
6722842333,-7.3326123,112.7318213,2,,POINT (112.7318213 -7.3326123)
6722842334,-7.3326329,112.7318206,2,,POINT (112.7318206 -7.3326329)
6722842335,-7.3329761,112.7317187,2,,POINT (112.7317187 -7.3329761)
6722842336,-7.3329967,112.731704,2,,POINT (112.731704 -7.3329967)
6722842337,-7.333004,112.7316792,2,,POINT (112.7316792 -7.333004)
6722842338,-7.3329947,112.7316362,2,,POINT (112.7316362 -7.3329947)
6722842339,-7.3329847,112.7316161,2,,POINT (112.7316161 -7.3329847)
6722842340,-7.3329608,112.7315927,2,,POINT (112.7315927 -7.3329608)
6722842341,-7.3366768,112.7311546,3,,POINT (112.7311546 -7.3366768)
6722842342,-7.3365435,112.7305198,1,,POINT (112.7305198 -7.3365435)
6722842343,-7.3382061,112.7319065,2,,POINT (112.7319065 -7.3382061)
6722842344,-7.338238,112.7318769,2,,POINT (112.7318769 -7.338238)
6722842345,-7.3382647,112.7318019,2,,POINT (112.7318019 -7.3382647)
6722842346,-7.3382979,112.731767,2,,POINT (112.731767 -7.3382979)
6722842347,-7.3384296,112.731716,1,,POINT (112.731716 -7.3384296)
6722842374,-7.3421287,112.7388032,3,,POINT (112.7388032 -7.3421287)
6722842375,-7.3421353,112.7387568,2,,POINT (112.7387568 -7.3421353)
6722842376,-7.3421433,112.7387126,2,,POINT (112.7387126 -7.3421433)
6722842377,-7.3421971,112.738504,1,,POINT (112.738504 -7.3421971)
6722956540,-7.333562,112.7364367,1,,POINT (112.7364367 -7.333562)
6722956541,-7.3336014,112.736261,4,,POINT (112.736261 -7.3336014)
6722956542,-7.3336505,112.7360679,1,,POINT (112.7360679 -7.3336505)
6722956543,-7.3338719,112.7363046,2,,POINT (112.7363046 -7.3338719)
6722956544,-7.3338536,112.7363133,2,,POINT (112.7363133 -7.3338536)
6722956545,-7.3338403,112.736315,2,,POINT (112.736315 -7.3338403)
6722956546,-7.3339284,112.7361558,1,,POINT (112.7361558 -7.3339284)
6722956547,-7.3338772,112.7362966,2,,POINT (112.7362966 -7.3338772)
6722956548,-7.3338633,112.73631,2,,POINT (112.73631 -7.3338633)
6722956550,-7.3337821,112.734413,1,,POINT (112.734413 -7.3337821)
6722956551,-7.3341675,112.7341368,2,,POINT (112.7341368 -7.3341675)
6722956552,-7.3341872,112.7341737,2,,POINT (112.7341737 -7.3341872)
6722956557,-7.333126,112.7340787,2,,POINT (112.7340787 -7.333126)
6722956559,-7.3332474,112.7343882,1,,POINT (112.7343882 -7.3332474)
6723021314,-7.3384272,112.7329184,1,,POINT (112.7329184 -7.3384272)
6723021315,-7.3386387,112.7327521,3,,POINT (112.7327521 -7.3386387)
6723021318,-7.3413463,112.7406829,3,,POINT (112.7406829 -7.3413463)
6723021579,-7.3318335,112.7321283,4,,POINT (112.7321283 -7.3318335)
6725470524,-7.3372598,112.7361521,2,,POINT (112.7361521 -7.3372598)
6725470525,-7.3374178,112.7361678,2,,POINT (112.7361678 -7.3374178)
6725470526,-7.3374417,112.7361646,2,,POINT (112.7361646 -7.3374417)
6725470538,-7.3333568,112.7338444,1,,POINT (112.7338444 -7.3333568)
6725470543,-7.3352939,112.7343493,2,,POINT (112.7343493 -7.3352939)
6725501991,-7.3368542,112.7388818,2,,POINT (112.7388818 -7.3368542)
6725739264,-7.3338893,112.7362634,3,,POINT (112.7362634 -7.3338893)
6725739265,-7.3340202,112.7362919,2,,POINT (112.7362919 -7.3340202)
6725739266,-7.3340588,112.7362905,2,,POINT (112.7362905 -7.3340588)
6725739267,-7.3340827,112.7362825,2,,POINT (112.7362825 -7.3340827)
6725739268,-7.3340947,112.7362718,2,,POINT (112.7362718 -7.3340947)
6725739269,-7.3341599,112.7360103,1,,POINT (112.7360103 -7.3341599)
6725739271,-7.3341718,112.7379388,2,,POINT (112.7379388 -7.3341718)
6725739272,-7.3341625,112.7379227,2,,POINT (112.7379227 -7.3341625)
6725739273,-7.3341598,112.7379079,2,,POINT (112.7379079 -7.3341598)
6725739274,-7.334229,112.7374701,1,,POINT (112.7374701 -7.334229)
6725739275,-7.3341949,112.7376813,3,,POINT (112.7376813 -7.3341949)
6725739276,-7.3339495,112.7376404,3,,POINT (112.7376404 -7.3339495)
6725739277,-7.3338454,112.7381533,3,,POINT (112.7381533 -7.3338454)
6725739279,-7.3339961,112.7374579,1,,POINT (112.7374579 -7.3339961)
6725774785,-7.3385435,112.7372489,2,,POINT (112.7372489 -7.3385435)
6725774786,-7.3385234,112.7372427,2,,POINT (112.7372427 -7.3385234)
6725774787,-7.3386852,112.737423,3,,POINT (112.737423 -7.3386852)
6725774788,-7.3386703,112.7373185,2,,POINT (112.7373185 -7.3386703)
6725774789,-7.3386557,112.7372481,2,,POINT (112.7372481 -7.3386557)
6725774790,-7.3386437,112.7372441,2,,POINT (112.7372441 -7.3386437)
6725774791,-7.3385546,112.7372474,2,,POINT (112.7372474 -7.3385546)
6725774792,-7.338532,112.7372478,2,,POINT (112.7372478 -7.338532)
6725774793,-7.3385207,112.737234,2,,POINT (112.737234 -7.3385207)
6725774794,-7.3384901,112.7370027,1,,POINT (112.7370027 -7.3384901)
6726359605,-7.336312,112.7374613,1,,POINT (112.7374613 -7.336312)
6726359606,-7.3360619,112.7375652,2,,POINT (112.7375652 -7.3360619)
6726359607,-7.3360533,112.7375746,3,,POINT (112.7375746 -7.3360533)
6726359608,-7.3360513,112.7375914,2,,POINT (112.7375914 -7.3360513)
6726359609,-7.3360487,112.7376162,2,,POINT (112.7376162 -7.3360487)
6726359610,-7.3394378,112.7350151,2,,POINT (112.7350151 -7.3394378)
6726359611,-7.3394431,112.7350406,2,,POINT (112.7350406 -7.3394431)
6726359612,-7.3394372,112.7350574,2,,POINT (112.7350574 -7.3394372)
6726359613,-7.3394205,112.7350668,2,,POINT (112.7350668 -7.3394205)
6726359614,-7.3392383,112.735101,2,,POINT (112.735101 -7.3392383)
6726359615,-7.3346836,112.7375073,1,,POINT (112.7375073 -7.3346836)
6726359616,-7.3353555,112.7376036,2,,POINT (112.7376036 -7.3353555)
6726359617,-7.3352337,112.7363383,3,,POINT (112.7363383 -7.3352337)
6726359619,-7.3352873,112.7363499,3,,POINT (112.7363499 -7.3352873)
6726359620,-7.3353145,112.7361879,2,,POINT (112.7361879 -7.3353145)
6726359621,-7.3353242,112.736127,4,,POINT (112.736127 -7.3353242)
6726359622,-7.3353105,112.7360092,3,,POINT (112.7360092 -7.3353105)
6726359623,-7.3319,112.7320661,1,,POINT (112.7320661 -7.3319)
6726359624,-7.33188,112.7320801,2,,POINT (112.7320801 -7.33188)
6726507137,-7.3381303,112.7410059,1,,POINT (112.7410059 -7.3381303)
6726507138,-7.3381875,112.7413143,2,,POINT (112.7413143 -7.3381875)
6726507139,-7.3382221,112.7415155,2,,POINT (112.7415155 -7.3382221)
6726507141,-7.3376539,112.7389459,1,,POINT (112.7389459 -7.3376539)
6726507143,-7.3374294,112.7391531,3,,POINT (112.7391531 -7.3374294)
6726507146,-7.3371833,112.7392355,3,,POINT (112.7392355 -7.3371833)
6790811915,-7.3333784,112.733913,3,,POINT (112.733913 -7.3333784)
6797981437,-7.3400506,112.7344293,2,,POINT (112.7344293 -7.3400506)
7053597002,-7.3323602,112.734009,3,,POINT (112.734009 -7.3323602)
7053895478,-7.3411273,112.7389832,2,,POINT (112.7389832 -7.3411273)
7054233690,-7.3314627,112.7348343,2,,POINT (112.7348343 -7.3314627)
7054233691,-7.3322282,112.7344002,2,,POINT (112.7344002 -7.3322282)
7221639883,-7.3289209,112.7364426,2,,POINT (112.7364426 -7.3289209)
7238058414,-7.3314199,112.734811,2,,POINT (112.734811 -7.3314199)
7238086053,-7.3281056,112.7368288,2,,POINT (112.7368288 -7.3281056)
7238086054,-7.3285335,112.7367365,2,,POINT (112.7367365 -7.3285335)
7279052516,-7.3395752,112.7373978,2,,POINT (112.7373978 -7.3395752)
7279052517,-7.3390686,112.7374832,2,,POINT (112.7374832 -7.3390686)
7540719997,-7.3431866,112.7421979,2,,POINT (112.7421979 -7.3431866)
7540719998,-7.3431673,112.7422568,2,,POINT (112.7422568 -7.3431673)
7540719999,-7.3431751,112.742248,2,,POINT (112.742248 -7.3431751)
7540720000,-7.3414941,112.7426105,1,,POINT (112.7426105 -7.3414941)
7624534440,-7.334,112.7337333,3,,POINT (112.7337333 -7.334)
7624534441,-7.3399539,112.7387816,3,,POINT (112.7387816 -7.3399539)
7624534442,-7.3399486,112.7387508,2,,POINT (112.7387508 -7.3399486)
7624534443,-7.3399233,112.7386844,2,,POINT (112.7386844 -7.3399233)
7624534444,-7.3398282,112.7384839,2,,POINT (112.7384839 -7.3398282)
7624534445,-7.3398109,112.7384437,2,,POINT (112.7384437 -7.3398109)
7624534446,-7.3382254,112.7318964,2,,POINT (112.7318964 -7.3382254)
7624534447,-7.3382773,112.7317824,2,,POINT (112.7317824 -7.3382773)
7624715156,-7.3361598,112.737694,1,,POINT (112.737694 -7.3361598)
7624715157,-7.3362868,112.737635,2,,POINT (112.737635 -7.3362868)
7624715158,-7.3363078,112.737629,2,,POINT (112.737629 -7.3363078)
7624715159,-7.3363273,112.7376293,2,,POINT (112.7376293 -7.3363273)
7624715160,-7.3363483,112.7376331,2,,POINT (112.7376331 -7.3363483)
7624715161,-7.3365402,112.7367907,3,,POINT (112.7367907 -7.3365402)
7624715162,-7.3364811,112.736641,2,,POINT (112.736641 -7.3364811)
7624715163,-7.3364726,112.7366117,2,,POINT (112.7366117 -7.3364726)
7624715164,-7.3364663,112.7365913,2,,POINT (112.7365913 -7.3364663)
7624715165,-7.3364617,112.7365661,2,,POINT (112.7365661 -7.3364617)
7624715167,-7.336334,112.7361665,1,,POINT (112.7361665 -7.336334)
7624715172,-7.33689,112.7365407,1,,POINT (112.7365407 -7.33689)
7624715173,-7.336954,112.7367015,2,,POINT (112.7367015 -7.336954)
7624715175,-7.3369527,112.7367176,2,,POINT (112.7367176 -7.3369527)
7624715177,-7.3369464,112.7367284,2,,POINT (112.7367284 -7.3369464)
7624715179,-7.3376874,112.7391327,1,,POINT (112.7391327 -7.3376874)
7624715180,-7.3375668,112.7391531,2,,POINT (112.7391531 -7.3375668)
7624715181,-7.3375223,112.7391592,2,,POINT (112.7391592 -7.3375223)
7624715182,-7.3374897,112.7391599,2,,POINT (112.7391599 -7.3374897)
7625039548,-7.3351994,112.7391409,2,,POINT (112.7391409 -7.3351994)
7625277768,-7.3396832,112.7365218,3,,POINT (112.7365218 -7.3396832)
7625813770,-7.3396214,112.7359647,2,,POINT (112.7359647 -7.3396214)
7625813771,-7.3396144,112.7359392,2,,POINT (112.7359392 -7.3396144)
7625813775,-7.3352306,112.7392618,2,,POINT (112.7392618 -7.3352306)
7625813776,-7.3352479,112.7392933,2,,POINT (112.7392933 -7.3352479)
7625813777,-7.3352333,112.7390344,2,,POINT (112.7390344 -7.3352333)
7625813778,-7.3352107,112.7390559,2,,POINT (112.7390559 -7.3352107)
7625813779,-7.3350231,112.7388816,2,,POINT (112.7388816 -7.3350231)
7625813780,-7.3350431,112.7389023,2,,POINT (112.7389023 -7.3350431)
7625813781,-7.3349773,112.7386978,2,,POINT (112.7386978 -7.3349773)
7625813782,-7.3349826,112.7386757,2,,POINT (112.7386757 -7.3349826)
7625813783,-7.3400793,112.7363475,2,,POINT (112.7363475 -7.3400793)
7625813784,-7.3400769,112.7363643,2,,POINT (112.7363643 -7.3400769)
7625829585,-7.3395661,112.7313921,2,,POINT (112.7313921 -7.3395661)
7625829586,-7.3395809,112.7313892,2,,POINT (112.7313892 -7.3395809)
7625829587,-7.339591,112.7313913,2,,POINT (112.7313913 -7.339591)
7625829588,-7.3399934,112.7393083,2,,POINT (112.7393083 -7.3399934)
7628878470,-7.3319195,112.7369425,3,,POINT (112.7369425 -7.3319195)
7863420975,-7.3318568,112.7369336,2,,POINT (112.7369336 -7.3318568)
7863654130,-7.3398282,112.7333473,2,,POINT (112.7333473 -7.3398282)
7904121937,-7.3355805,112.7370727,2,,POINT (112.7370727 -7.3355805)
8595351154,-7.3407164,112.7390344,1,,POINT (112.7390344 -7.3407164)
8597162661,-7.3359862,112.7312971,2,,POINT (112.7312971 -7.3359862)
8604948559,-7.3445451,112.737163,2,,POINT (112.737163 -7.3445451)
8605089082,-7.3405241,112.7383315,2,,POINT (112.7383315 -7.3405241)
9169552827,-7.3306185,112.7385815,3,,POINT (112.7385815 -7.3306185)
9182042006,-7.3387661,112.7300008,1,,POINT (112.7300008 -7.3387661)
9186637034,-7.3348676,112.7317074,2,,POINT (112.7317074 -7.3348676)
9186637035,-7.3348575,112.7316483,2,,POINT (112.7316483 -7.3348575)
9186637036,-7.3349979,112.731944,2,,POINT (112.731944 -7.3349979)
9186637037,-7.3350504,112.7319186,2,,POINT (112.7319186 -7.3350504)
9186637038,-7.3351316,112.7318863,2,,POINT (112.7318863 -7.3351316)
9186637039,-7.3374313,112.7347209,2,,POINT (112.7347209 -7.3374313)
9186637040,-7.3385699,112.7347489,2,,POINT (112.7347489 -7.3385699)
9186637041,-7.3385766,112.7347134,2,,POINT (112.7347134 -7.3385766)
9186740637,-7.3352582,112.7352029,2,,POINT (112.7352029 -7.3352582)
9186740638,-7.335228,112.7352136,2,,POINT (112.7352136 -7.335228)
9186740639,-7.3353277,112.7350675,1,,POINT (112.7350675 -7.3353277)
9186740640,-7.3352978,112.7351566,2,,POINT (112.7351566 -7.3352978)
9186740641,-7.3352805,112.7351855,2,,POINT (112.7351855 -7.3352805)
9186740642,-7.3350657,112.7352284,3,,POINT (112.7352284 -7.3350657)
9186740643,-7.3351947,112.7384578,2,,POINT (112.7384578 -7.3351947)
9186740644,-7.3352787,112.7384682,2,,POINT (112.7384682 -7.3352787)
9186740645,-7.3353704,112.7376229,2,,POINT (112.7376229 -7.3353704)
9186740646,-7.3354814,112.737576,2,,POINT (112.737576 -7.3354814)
9186740647,-7.3355732,112.7375109,2,,POINT (112.7375109 -7.3355732)
9186740648,-7.3358891,112.7373614,2,,POINT (112.7373614 -7.3358891)
9186740649,-7.3366126,112.7378878,2,,POINT (112.7378878 -7.3366126)
9186740650,-7.3363928,112.7380279,2,,POINT (112.7380279 -7.3363928)
9186933113,-7.3379798,112.7367621,2,,POINT (112.7367621 -7.3379798)
9186933114,-7.3374696,112.7391589,2,,POINT (112.7391589 -7.3374696)
9186933115,-7.3368283,112.7388961,2,,POINT (112.7388961 -7.3368283)
9186933116,-7.3364541,112.7390394,2,,POINT (112.7390394 -7.3364541)
9186933317,-7.3367279,112.7386327,2,,POINT (112.7386327 -7.3367279)
9186933318,-7.336483,112.7391119,2,,POINT (112.7391119 -7.336483)
9186933319,-7.3363913,112.7387298,2,,POINT (112.7387298 -7.3363913)
9186933320,-7.3364055,112.7387125,2,,POINT (112.7387125 -7.3364055)
9186933321,-7.3364257,112.7387018,2,,POINT (112.7387018 -7.3364257)
9186933322,-7.336925,112.7386195,2,,POINT (112.7386195 -7.336925)
9186933323,-7.3368695,112.738614,2,,POINT (112.738614 -7.3368695)
9186933324,-7.3368153,112.7386168,2,,POINT (112.7386168 -7.3368153)
9186933325,-7.3364806,112.7386859,2,,POINT (112.7386859 -7.3364806)
9186933326,-7.3363901,112.7387481,2,,POINT (112.7387481 -7.3363901)
9186933327,-7.3364658,112.7390929,2,,POINT (112.7390929 -7.3364658)
9186933328,-7.3365025,112.7391188,2,,POINT (112.7391188 -7.3365025)
9186933329,-7.3366088,112.7390994,2,,POINT (112.7390994 -7.3366088)
9186933330,-7.3366678,112.7390759,2,,POINT (112.7390759 -7.3366678)
9186933331,-7.3367042,112.7390476,2,,POINT (112.7390476 -7.3367042)
9186933332,-7.3367806,112.7389504,2,,POINT (112.7389504 -7.3367806)
9186933333,-7.3368019,112.7389231,2,,POINT (112.7389231 -7.3368019)
9186933334,-7.3383998,112.7393757,2,,POINT (112.7393757 -7.3383998)
9186933335,-7.341098,112.7352252,2,,POINT (112.7352252 -7.341098)
9186933336,-7.3410655,112.7352414,3,,POINT (112.7352414 -7.3410655)
9186933337,-7.341125,112.7352104,2,,POINT (112.7352104 -7.341125)
9186933338,-7.3411493,112.7351955,2,,POINT (112.7351955 -7.3411493)
9186933339,-7.333345,112.7356211,2,,POINT (112.7356211 -7.333345)
9186933340,-7.3331932,112.7357996,1,,POINT (112.7357996 -7.3331932)
9186933341,-7.3333001,112.7356395,2,,POINT (112.7356395 -7.3333001)
9186933342,-7.3333209,112.7356253,2,,POINT (112.7356253 -7.3333209)
9186933343,-7.3333688,112.7356239,2,,POINT (112.7356239 -7.3333688)
9186981522,-7.339333,112.7334809,2,,POINT (112.7334809 -7.339333)
9186981523,-7.3394085,112.7334609,2,,POINT (112.7334609 -7.3394085)
9186981524,-7.3374005,112.734718,2,,POINT (112.734718 -7.3374005)
9186981525,-7.3370368,112.7334844,2,,POINT (112.7334844 -7.3370368)
9186981526,-7.3368619,112.7331362,2,,POINT (112.7331362 -7.3368619)
9186981528,-7.3354841,112.7346726,2,,POINT (112.7346726 -7.3354841)
9186981529,-7.3354472,112.7345941,2,,POINT (112.7345941 -7.3354472)
9186981530,-7.3350266,112.7341185,2,,POINT (112.7341185 -7.3350266)
9186981531,-7.3350616,112.7341399,2,,POINT (112.7341399 -7.3350616)
9189322745,-7.3353557,112.7384601,2,,POINT (112.7384601 -7.3353557)
9189322746,-7.336371,112.7376601,2,,POINT (112.7376601 -7.336371)
9189322747,-7.3364949,112.7375909,2,,POINT (112.7375909 -7.3364949)
9189322748,-7.336734,112.7369013,2,,POINT (112.7369013 -7.336734)
9189322749,-7.335635,112.7371209,2,,POINT (112.7371209 -7.335635)
9189322750,-7.3355915,112.7370974,2,,POINT (112.7370974 -7.3355915)
9189322751,-7.3366935,112.736759,2,,POINT (112.736759 -7.3366935)
9189450947,-7.3391718,112.7357521,2,,POINT (112.7357521 -7.3391718)
9189450948,-7.3391881,112.7357404,2,,POINT (112.7357404 -7.3391881)
9189450949,-7.3393753,112.7357005,2,,POINT (112.7357005 -7.3393753)
9189450950,-7.3394644,112.7356951,2,,POINT (112.7356951 -7.3394644)
9189450951,-7.3397411,112.7357092,2,,POINT (112.7357092 -7.3397411)
9189450952,-7.3341613,112.7381602,2,,POINT (112.7381602 -7.3341613)
9189450953,-7.3341693,112.7381237,2,,POINT (112.7381237 -7.3341693)
9189450954,-7.3341765,112.7380905,2,,POINT (112.7380905 -7.3341765)
9189450955,-7.3341855,112.7380494,2,,POINT (112.7380494 -7.3341855)
9189450956,-7.3341919,112.7380201,2,,POINT (112.7380201 -7.3341919)
9189574587,-7.3353761,112.7376363,2,,POINT (112.7376363 -7.3353761)
9189825842,-7.3369638,112.7396701,1,,POINT (112.7396701 -7.3369638)
9189825843,-7.3352686,112.7393107,2,,POINT (112.7393107 -7.3352686)
9189825844,-7.3361632,112.7390016,2,,POINT (112.7390016 -7.3361632)
9189825845,-7.3361677,112.7389905,2,,POINT (112.7389905 -7.3361677)
9189825846,-7.3361531,112.7390111,2,,POINT (112.7390111 -7.3361531)
9189825847,-7.3395978,112.7359217,2,,POINT (112.7359217 -7.3395978)
9189941279,-7.335097,112.7389158,2,,POINT (112.7389158 -7.335097)
9189941280,-7.3362001,112.7386313,2,,POINT (112.7386313 -7.3362001)
9189941281,-7.3362065,112.7386133,2,,POINT (112.7386133 -7.3362065)
9189941282,-7.3362169,112.7385956,2,,POINT (112.7385956 -7.3362169)
9189941283,-7.3400523,112.7372273,2,,POINT (112.7372273 -7.3400523)
9189941284,-7.340043,112.7371562,2,,POINT (112.7371562 -7.340043)
9189941285,-7.340069,112.7374459,2,,POINT (112.7374459 -7.340069)
9189941286,-7.3400696,112.7380963,2,,POINT (112.7380963 -7.3400696)
9189941287,-7.3415038,112.7351932,2,,POINT (112.7351932 -7.3415038)
9189941288,-7.3376106,112.7352029,2,,POINT (112.7352029 -7.3376106)
9189941289,-7.3376179,112.7351469,2,,POINT (112.7351469 -7.3376179)
9189941290,-7.3330522,112.7380826,2,,POINT (112.7380826 -7.3330522)
9189941291,-7.3335981,112.7358575,2,,POINT (112.7358575 -7.3335981)
9189941292,-7.3336119,112.7358433,2,,POINT (112.7358433 -7.3336119)
9189941293,-7.3338666,112.735684,2,,POINT (112.735684 -7.3338666)
9189941294,-7.3356101,112.7317348,2,,POINT (112.7317348 -7.3356101)
9189941296,-7.3363863,112.7338216,1,,POINT (112.7338216 -7.3363863)
9190085200,-7.3404953,112.734004,2,,POINT (112.734004 -7.3404953)
9190085201,-7.3400666,112.736377,2,,POINT (112.736377 -7.3400666)
9351959202,-7.339191,112.7353354,3,,POINT (112.7353354 -7.339191)
9351959203,-7.3391552,112.7351513,2,,POINT (112.7351513 -7.3391552)
9351959204,-7.3391625,112.7351325,2,,POINT (112.7351325 -7.3391625)
9351959205,-7.3391758,112.7351177,2,,POINT (112.7351177 -7.3391758)
9446615216,-7.3323343,112.7308725,3,,POINT (112.7308725 -7.3323343)
9446643317,-7.3385633,112.7326407,2,,POINT (112.7326407 -7.3385633)
9451744977,-7.3346634,112.733419,3,,POINT (112.733419 -7.3346634)
9451744978,-7.3346504,112.7333928,2,,POINT (112.7333928 -7.3346504)
9451744979,-7.3346342,112.7333403,2,,POINT (112.7333403 -7.3346342)
9451744980,-7.3345834,112.7331136,2,,POINT (112.7331136 -7.3345834)
9451744981,-7.3345609,112.7330266,2,,POINT (112.7330266 -7.3345609)
9451744982,-7.3345425,112.7329539,2,,POINT (112.7329539 -7.3345425)
9451744983,-7.3345081,112.7328198,2,,POINT (112.7328198 -7.3345081)
9451744984,-7.3344485,112.7325851,2,,POINT (112.7325851 -7.3344485)
9451744985,-7.3343953,112.7323933,1,,POINT (112.7323933 -7.3343953)
9468197992,-7.3389703,112.7334172,2,,POINT (112.7334172 -7.3389703)
9468197993,-7.3388719,112.7334829,1,,POINT (112.7334829 -7.3388719)
9468197994,-7.3390336,112.7333679,3,,POINT (112.7333679 -7.3390336)
9468198004,-7.3388373,112.7313908,1,,POINT (112.7313908 -7.3388373)
9468198005,-7.3386637,112.7314331,2,,POINT (112.7314331 -7.3386637)
9468198006,-7.3386491,112.7314357,2,,POINT (112.7314357 -7.3386491)
9468198007,-7.3386265,112.731425,2,,POINT (112.731425 -7.3386265)
9468198008,-7.3385991,112.7313347,3,,POINT (112.7313347 -7.3385991)
9468260990,-7.3385619,112.7325502,2,,POINT (112.7325502 -7.3385619)
9468260991,-7.3384974,112.7325999,3,,POINT (112.7325999 -7.3384974)
9468260992,-7.3386431,112.7324979,1,,POINT (112.7324979 -7.3386431)
9570537318,-7.3304921,112.7355447,2,,POINT (112.7355447 -7.3304921)
9602869034,-7.3310367,112.7374117,2,,POINT (112.7374117 -7.3310367)
9620810086,-7.3322405,112.7353786,2,,POINT (112.7353786 -7.3322405)
9620810087,-7.3323626,112.7353997,2,,POINT (112.7353997 -7.3323626)
9620810088,-7.3324846,112.7344143,3,,POINT (112.7344143 -7.3324846)
9620810089,-7.3324686,112.7343547,2,,POINT (112.7343547 -7.3324686)
9623249365,-7.3323216,112.7346826,2,,POINT (112.7346826 -7.3323216)
9623249366,-7.3323503,112.7345719,2,,POINT (112.7345719 -7.3323503)
9623249367,-7.3323682,112.7345176,2,,POINT (112.7345176 -7.3323682)
9623249368,-7.3324094,112.7344519,2,,POINT (112.7344519 -7.3324094)
9662382572,-7.339521,112.7349152,2,,POINT (112.7349152 -7.339521)
9662382573,-7.3397577,112.7352673,2,,POINT (112.7352673 -7.3397577)
9662382574,-7.3396666,112.7352405,2,,POINT (112.7352405 -7.3396666)
9662735160,-7.3351143,112.7349307,2,,POINT (112.7349307 -7.3351143)
9662735161,-7.3347202,112.7348633,2,,POINT (112.7348633 -7.3347202)
9662735162,-7.3344778,112.7347631,3,,POINT (112.7347631 -7.3344778)
9662735163,-7.3392583,112.7340878,2,,POINT (112.7340878 -7.3392583)
9662940814,-7.3340456,112.7338478,2,,POINT (112.7338478 -7.3340456)
9673481819,-7.3372252,112.7396145,2,,POINT (112.7396145 -7.3372252)
9673481820,-7.3369106,112.7383907,2,,POINT (112.7383907 -7.3369106)
9674071385,-7.3362562,112.7381332,2,,POINT (112.7381332 -7.3362562)
9697654423,-7.3396609,112.7418213,2,,POINT (112.7418213 -7.3396609)
9697654424,-7.3405026,112.741783,2,,POINT (112.741783 -7.3405026)
9697654425,-7.3396381,112.7416334,2,,POINT (112.7416334 -7.3396381)
9697654426,-7.3404692,112.7415951,2,,POINT (112.7415951 -7.3404692)
9697654427,-7.3404451,112.7414313,2,,POINT (112.7414313 -7.3404451)
9697654428,-7.3396162,112.7414531,2,,POINT (112.7414531 -7.3396162)
9697654429,-7.3396772,112.7419554,2,,POINT (112.7419554 -7.3396772)
9697654430,-7.3396932,112.7419849,2,,POINT (112.7419849 -7.3396932)
9697654431,-7.3397145,112.7419996,2,,POINT (112.7419996 -7.3397145)
9697654432,-7.3404693,112.7419433,2,,POINT (112.7419433 -7.3404693)
9697654433,-7.3404999,112.7419259,2,,POINT (112.7419259 -7.3404999)
9697654434,-7.3405132,112.741899,2,,POINT (112.741899 -7.3405132)
9697654435,-7.3404327,112.7413478,2,,POINT (112.7413478 -7.3404327)
9697654436,-7.3404101,112.7413116,2,,POINT (112.7413116 -7.3404101)
9697654437,-7.3403742,112.7412835,2,,POINT (112.7412835 -7.3403742)
9702279061,-7.337215,112.736176,2,,POINT (112.736176 -7.337215)
9702279062,-7.3372212,112.7361628,2,,POINT (112.7361628 -7.3372212)
9702279063,-7.3372315,112.7361554,2,,POINT (112.7361554 -7.3372315)
9702279064,-7.3373938,112.7361687,2,,POINT (112.7361687 -7.3373938)
9702279065,-7.3372159,112.7363395,1,,POINT (112.7363395 -7.3372159)
9702279066,-7.3372122,112.7362272,2,,POINT (112.7362272 -7.3372122)
9702279067,-7.3372129,112.7362812,2,,POINT (112.7362812 -7.3372129)
9702279068,-7.3372142,112.7361895,2,,POINT (112.7361895 -7.3372142)
9702305063,-7.3359585,112.737327,3,,POINT (112.737327 -7.3359585)
9712956491,-7.3400071,112.7359056,2,,POINT (112.7359056 -7.3400071)
9712965119,-7.3352804,112.7361176,3,,POINT (112.7361176 -7.3352804)
9716869297,-7.3403025,112.7358192,2,,POINT (112.7358192 -7.3403025)
9716869298,-7.3402829,112.7358199,2,,POINT (112.7358199 -7.3402829)
9751221128,-7.3388349,112.7309664,3,,POINT (112.7309664 -7.3388349)
9751221129,-7.3391593,112.7309084,1,,POINT (112.7309084 -7.3391593)
9751221130,-7.3390599,112.7309273,2,,POINT (112.7309273 -7.3390599)
9944031682,-7.3405544,112.738887,2,,POINT (112.738887 -7.3405544)
10074663657,-7.3368878,112.7346861,1,,POINT (112.7346861 -7.3368878)
10074663658,-7.3373381,112.7345456,3,,POINT (112.7345456 -7.3373381)
10220635351,-7.331039,112.7351126,2,,POINT (112.7351126 -7.331039)
10245257859,-7.3286485,112.7394462,3,,POINT (112.7394462 -7.3286485)
10258945522,-7.332435,112.7343005,2,,POINT (112.7343005 -7.332435)
10285779898,-7.3385892,112.7346824,2,,POINT (112.7346824 -7.3385892)
10285811749,-7.3373616,112.7347258,2,,POINT (112.7347258 -7.3373616)
10285811750,-7.3372437,112.734344,2,,POINT (112.734344 -7.3372437)
10285811751,-7.3371672,112.7340416,2,,POINT (112.7340416 -7.3371672)
10285811752,-7.3371035,112.7338222,2,,POINT (112.7338222 -7.3371035)
10285811753,-7.3370538,112.7336164,2,,POINT (112.7336164 -7.3370538)
10290927688,-7.3360011,112.7316204,2,,POINT (112.7316204 -7.3360011)
10290927689,-7.3353932,112.7331254,2,,POINT (112.7331254 -7.3353932)
10669489193,-7.3394864,112.7406874,2,,POINT (112.7406874 -7.3394864)
10769919103,-7.3420528,112.7408972,2,,POINT (112.7408972 -7.3420528)
10871247933,-7.3437953,112.736593,1,,POINT (112.736593 -7.3437953)
11043869287,-7.3392436,112.7401898,1,,POINT (112.7401898 -7.3392436)
11043869288,-7.3389376,112.740067,3,,POINT (112.740067 -7.3389376)
11082910032,-7.3388858,112.7401992,1,,POINT (112.7401992 -7.3388858)
11082926419,-7.3392044,112.7396976,1,,POINT (112.7396976 -7.3392044)
11082926420,-7.3391928,112.7397268,2,,POINT (112.7397268 -7.3391928)
11082926421,-7.3391841,112.7397375,2,,POINT (112.7397375 -7.3391841)
11082926422,-7.3388943,112.7397701,3,,POINT (112.7397701 -7.3388943)
11082926423,-7.3391395,112.7400289,1,,POINT (112.7400289 -7.3391395)
11113182977,-7.3352207,112.7304227,3,,POINT (112.7304227 -7.3352207)
11217257917,-7.3398023,112.7367251,2,,POINT (112.7367251 -7.3398023)
11217257918,-7.3398555,112.7364676,2,,POINT (112.7364676 -7.3398555)
11217257919,-7.3398236,112.7370778,2,,POINT (112.7370778 -7.3398236)
11217257920,-7.3398927,112.7370121,2,,POINT (112.7370121 -7.3398927)
11217257921,-7.3398051,112.7362136,3,,POINT (112.7362136 -7.3398051)
11217257922,-7.3398927,112.7367197,4,,POINT (112.7367197 -7.3398927)
11217257923,-7.3397101,112.736521,2,,POINT (112.736521 -7.3397101)
11217257924,-7.3396581,112.7365314,2,,POINT (112.7365314 -7.3396581)
11217257925,-7.3396375,112.736549,2,,POINT (112.736549 -7.3396375)
11217257926,-7.3396239,112.7365724,2,,POINT (112.7365724 -7.3396239)
11217257927,-7.3396229,112.736627,2,,POINT (112.736627 -7.3396229)
11217257928,-7.3396365,112.7366518,2,,POINT (112.7366518 -7.3396365)
11217257929,-7.3396576,112.7366704,2,,POINT (112.7366704 -7.3396576)
11217257930,-7.3396839,112.7366805,2,,POINT (112.7366805 -7.3396839)
11217257931,-7.339712,112.7366808,2,,POINT (112.7366808 -7.339712)
11217257932,-7.3397604,112.736653,2,,POINT (112.736653 -7.3397604)
11217257933,-7.3397745,112.736628,2,,POINT (112.736628 -7.3397745)
11217257934,-7.3397791,112.7365995,2,,POINT (112.7365995 -7.3397791)
11217257935,-7.3397735,112.7365713,2,,POINT (112.7365713 -7.3397735)
11217257936,-7.3397584,112.7365468,2,,POINT (112.7365468 -7.3397584)
11217267137,-7.3397384,112.7366714,3,,POINT (112.7366714 -7.3397384)
11217267138,-7.3396187,112.736599,2,,POINT (112.736599 -7.3396187)
11217267139,-7.3397358,112.7365293,2,,POINT (112.7365293 -7.3397358)
11217267140,-7.3398462,112.7362061,2,,POINT (112.7362061 -7.3398462)
11217267141,-7.3398926,112.7361976,3,,POINT (112.7361976 -7.3398926)
